<metadata xml:lang="en">
	<Esri>
		<CreaDate>20170420</CreaDate>
		<CreaTime>08511300</CreaTime>
		<ArcGISFormat>1.0</ArcGISFormat>
		<SyncOnce>FALSE</SyncOnce>
		<DataProperties>
			<itemProps>
				<itemName Sync="TRUE">PlannedLandUse</itemName>
				<imsContentType Sync="TRUE">002</imsContentType>
				<itemLocation>
					<linkage Sync="TRUE">file://\\g46palgdrftp001\Z\var\ftp\gdrs_temp\update\us_mn_state_metc\plan_pland_land_use\shp\PlannedLandUse.shp</linkage>
					<protocol Sync="TRUE">Local Area Network</protocol>
				</itemLocation>
				<itemSize Sync="TRUE">0.000</itemSize>
			</itemProps>
			<coordRef>
				<type Sync="TRUE">Projected</type>
				<geogcsn Sync="TRUE">GCS_North_American_1983</geogcsn>
				<csUnits Sync="TRUE">Linear Unit: Meter (1.000000)</csUnits>
				<projcsn Sync="TRUE">NAD_1983_UTM_Zone_15N</projcsn>
				<peXml Sync="TRUE">&lt;ProjectedCoordinateSystem xsi:type='typens:ProjectedCoordinateSystem' xmlns:xsi='http://www.w3.org/2001/XMLSchema-instance' xmlns:xs='http://www.w3.org/2001/XMLSchema' xmlns:typens='http://www.esri.com/schemas/ArcGIS/10.4'&gt;&lt;WKT&gt;PROJCS[&amp;quot;NAD_1983_UTM_Zone_15N&amp;quot;,GEOGCS[&amp;quot;GCS_North_American_1983&amp;quot;,DATUM[&amp;quot;D_North_American_1983&amp;quot;,SPHEROID[&amp;quot;GRS_1980&amp;quot;,6378137.0,298.257222101]],PRIMEM[&amp;quot;Greenwich&amp;quot;,0.0],UNIT[&amp;quot;Degree&amp;quot;,0.0174532925199433]],PROJECTION[&amp;quot;Transverse_Mercator&amp;quot;],PARAMETER[&amp;quot;False_Easting&amp;quot;,500000.0],PARAMETER[&amp;quot;False_Northing&amp;quot;,0.0],PARAMETER[&amp;quot;Central_Meridian&amp;quot;,-93.0],PARAMETER[&amp;quot;Scale_Factor&amp;quot;,0.9996],PARAMETER[&amp;quot;Latitude_Of_Origin&amp;quot;,0.0],UNIT[&amp;quot;Meter&amp;quot;,1.0],AUTHORITY[&amp;quot;EPSG&amp;quot;,26915]]&lt;/WKT&gt;&lt;XOrigin&gt;-5120900&lt;/XOrigin&gt;&lt;YOrigin&gt;-9998100&lt;/YOrigin&gt;&lt;XYScale&gt;450445547.3910538&lt;/XYScale&gt;&lt;ZOrigin&gt;-100000&lt;/ZOrigin&gt;&lt;ZScale&gt;10000&lt;/ZScale&gt;&lt;MOrigin&gt;-100000&lt;/MOrigin&gt;&lt;MScale&gt;10000&lt;/MScale&gt;&lt;XYTolerance&gt;0.001&lt;/XYTolerance&gt;&lt;ZTolerance&gt;0.001&lt;/ZTolerance&gt;&lt;MTolerance&gt;0.001&lt;/MTolerance&gt;&lt;HighPrecision&gt;true&lt;/HighPrecision&gt;&lt;WKID&gt;26915&lt;/WKID&gt;&lt;LatestWKID&gt;26915&lt;/LatestWKID&gt;&lt;/ProjectedCoordinateSystem&gt;</peXml>
			</coordRef>
			<lineage>
				<Process ToolSource="c:\program files (x86)\arcgis\desktop10.2\ArcToolbox\Toolboxes\Conversion Tools.tbx\FeatureClassToFeatureClass" Date="20140720" Time="224317">FeatureClassToFeatureClass C:\Users\Hoekenjm\Desktop\PLUUpdate\PlannedLandUse.shp "Database Connections\SDE@GISLibrary.sde\GISLibrary.DBO.LandUseAndPlanning" PlannedLandUse # "COCTU_ID "COCTU_ID" true true false 11 Text 0 0 ,First,#,C:\Users\Hoekenjm\Desktop\PLUUpdate\PlannedLandUse.shp,COCTU_ID,-1,-1;CO_CODE "CO_CODE" true true false 3 Text 0 0 ,First,#,C:\Users\Hoekenjm\Desktop\PLUUpdate\PlannedLandUse.shp,CO_CODE,-1,-1;CTU_ID "CTU_ID" true true false 9 Long 0 9 ,First,#,C:\Users\Hoekenjm\Desktop\PLUUpdate\PlannedLandUse.shp,CTU_ID,-1,-1;CTU_NAME "CTU_NAME" true true false 24 Text 0 0 ,First,#,C:\Users\Hoekenjm\Desktop\PLUUpdate\PlannedLandUse.shp,CTU_NAME,-1,-1;PLUSE_DESC "PLUSE_DESC" true true false 60 Text 0 0 ,First,#,C:\Users\Hoekenjm\Desktop\PLUUpdate\PlannedLandUse.shp,PLUSE_DESC,-1,-1;HSG_DEN "HSG_DEN" true true false 30 Text 0 0 ,First,#,C:\Users\Hoekenjm\Desktop\PLUUpdate\PlannedLandUse.shp,HSG_DEN,-1,-1;BENCHMARK "BENCHMARK" true true false 4 Text 0 0 ,First,#,C:\Users\Hoekenjm\Desktop\PLUUpdate\PlannedLandUse.shp,BENCHMARK,-1,-1;METC_DESC "METC_DESC" true true false 60 Text 0 0 ,First,#,C:\Users\Hoekenjm\Desktop\PLUUpdate\PlannedLandUse.shp,METC_DESC,-1,-1;METC_DENS "METC_DENS" true true false 30 Text 0 0 ,First,#,C:\Users\Hoekenjm\Desktop\PLUUpdate\PlannedLandUse.shp,METC_DENS,-1,-1;HSGDEN_RNG "HSGDEN_RNG" true true false 10 Text 0 0 ,First,#,C:\Users\Hoekenjm\Desktop\PLUUpdate\PlannedLandUse.shp,HSGDEN_RNG,-1,-1;REGIONAL_N "REGIONAL_N" true true false 19 Double 0 0 ,First,#,C:\Users\Hoekenjm\Desktop\PLUUpdate\PlannedLandUse.shp,REGIONAL_N,-1,-1;Shape_Leng "Shape_Leng" true true false 19 Double 0 0 ,First,#,C:\Users\Hoekenjm\Desktop\PLUUpdate\PlannedLandUse.shp,Shape_Leng,-1,-1;Shape_Area "Shape_Area" true true false 19 Double 0 0 ,First,#,C:\Users\Hoekenjm\Desktop\PLUUpdate\PlannedLandUse.shp,Shape_Area,-1,-1;ACRES "ACRES" true true false 19 Double 0 0 ,First,#,C:\Users\Hoekenjm\Desktop\PLUUpdate\PlannedLandUse.shp,ACRES,-1,-1" #</Process>
				<Process ToolSource="c:\program files (x86)\arcgis\desktop10.2\ArcToolbox\Toolboxes\Data Management Tools.tbx\AddSpatialIndex" Date="20140720" Time="224922">AddSpatialIndex "Database Connections\SDE@GISLibrary.sde\GISLibrary.DBO.LandUseAndPlanning\GISLibrary.DBO.PlannedLandUse" 0 0 0</Process>
				<Process ToolSource="c:\program files (x86)\arcgis\desktop10.2\ArcToolbox\Toolboxes\Data Management Tools.tbx\Append" Date="20150529" Time="081321">Append PlannedLandUse GISLibrary.DBO.PlannedLandUse NO_TEST "COCTU_ID "COCTU_ID" true true false 11 Text 0 0 ,First,#,PlannedLandUse,COCTU_ID,-1,-1;CO_CODE "CO_CODE" true true false 3 Text 0 0 ,First,#,PlannedLandUse,CO_CODE,-1,-1;CTU_ID "CTU_ID" true true false 4 Long 0 10 ,First,#,PlannedLandUse,CTU_ID,-1,-1;CTU_NAME "CTU_NAME" true true false 24 Text 0 0 ,First,#,PlannedLandUse,CTU_NAME,-1,-1;PLUSE_DESC "PLUSE_DESC" true true false 60 Text 0 0 ,First,#,PlannedLandUse,PLUSE_DESC,-1,-1;HSG_DEN "HSG_DEN" true true false 30 Text 0 0 ,First,#,PlannedLandUse,HSG_DEN,-1,-1;BENCHMARK "BENCHMARK" true true false 4 Text 0 0 ,First,#,PlannedLandUse,BENCHMARK,-1,-1;METC_DESC "METC_DESC" true true false 60 Text 0 0 ,First,#,PlannedLandUse,METC_DESC,-1,-1;METC_DENS "METC_DENS" true true false 30 Text 0 0 ,First,#,PlannedLandUse,METC_DENS,-1,-1;HSGDEN_RNG "HSGDEN_RNG" true true false 10 Text 0 0 ,First,#,PlannedLandUse,HSGDEN_RNG,-1,-1;REGIONAL_N "REGIONAL_N" true true false 8 Double 8 38 ,First,#,PlannedLandUse,REGIONAL_N,-1,-1;Shape_Leng "Shape_Leng" true true false 8 Double 8 38 ,First,#,PlannedLandUse,Shape_Leng,-1,-1;ACRES "ACRES" true true false 8 Double 8 38 ,First,#,PlannedLandUse,ACRES,-1,-1;GlobalID "GlobalID" false false true 38 GlobalID 0 0 ,First,#;CTU_CODE "CTU_CODE" true true false 5 Text 0 0 ,First,#,PlannedLandUse,CTU_CODE,-1,-1;Shape.area "Shape.area" false false true 0 Double 0 0 ,First,#;Shape.len "Shape.len" false false true 0 Double 0 0 ,First,#" #</Process>
				<Process ToolSource="c:\program files (x86)\arcgis\desktop10.2\ArcToolbox\Toolboxes\Data Management Tools.tbx\Append" Date="20150929" Time="075510">Append PlannedLandUse GISLibrary.DBO.PlannedLandUse NO_TEST "COCTU_ID "COCTU_ID" true true false 11 Text 0 0 ,First,#,PlannedLandUse,COCTU_ID,-1,-1;CO_CODE "CO_CODE" true true false 3 Text 0 0 ,First,#,PlannedLandUse,CO_CODE,-1,-1;CTU_ID "CTU_ID" true true false 4 Long 0 10 ,First,#,PlannedLandUse,CTU_ID,-1,-1;CTU_NAME "CTU_NAME" true true false 24 Text 0 0 ,First,#,PlannedLandUse,CTU_NAME,-1,-1;PLUSE_DESC "PLUSE_DESC" true true false 60 Text 0 0 ,First,#,PlannedLandUse,PLUSE_DESC,-1,-1;HSG_DEN "HSG_DEN" true true false 30 Text 0 0 ,First,#,PlannedLandUse,HSG_DEN,-1,-1;BENCHMARK "BENCHMARK" true true false 4 Text 0 0 ,First,#,PlannedLandUse,BENCHMARK,-1,-1;METC_DESC "METC_DESC" true true false 60 Text 0 0 ,First,#,PlannedLandUse,METC_DESC,-1,-1;METC_DENS "METC_DENS" true true false 30 Text 0 0 ,First,#,PlannedLandUse,METC_DENS,-1,-1;HSGDEN_RNG "HSGDEN_RNG" true true false 10 Text 0 0 ,First,#,PlannedLandUse,HSGDEN_RNG,-1,-1;REGIONAL_N "REGIONAL_N" true true false 8 Double 8 38 ,First,#,PlannedLandUse,REGIONAL_N,-1,-1;Shape_Leng "Shape_Leng" true true false 8 Double 8 38 ,First,#,PlannedLandUse,Shape_Leng,-1,-1;ACRES "ACRES" true true false 8 Double 8 38 ,First,#,PlannedLandUse,ACRES,-1,-1;GlobalID "GlobalID" false false true 38 GlobalID 0 0 ,First,#;CTU_CODE "CTU_CODE" true true false 5 Text 0 0 ,First,#,PlannedLandUse,CTU_CODE,-1,-1;Shape.area "Shape.area" false false true 0 Double 0 0 ,First,#;Shape.len "Shape.len" false false true 0 Double 0 0 ,First,#" #</Process>
				<Process ToolSource="c:\program files (x86)\arcgis\desktop10.2\ArcToolbox\Toolboxes\Data Management Tools.tbx\Append" Date="20151007" Time="083757">Append PlannedLandUse GISLibrary.DBO.PlannedLandUse NO_TEST "COCTU_ID "COCTU_ID" true true false 11 Text 0 0 ,First,#,PlannedLandUse,COCTU_ID,-1,-1;CO_CODE "CO_CODE" true true false 3 Text 0 0 ,First,#,PlannedLandUse,CO_CODE,-1,-1;CTU_ID "CTU_ID" true true false 4 Long 0 10 ,First,#,PlannedLandUse,CTU_ID,-1,-1;CTU_NAME "CTU_NAME" true true false 24 Text 0 0 ,First,#,PlannedLandUse,CTU_NAME,-1,-1;PLUSE_DESC "PLUSE_DESC" true true false 60 Text 0 0 ,First,#,PlannedLandUse,PLUSE_DESC,-1,-1;HSG_DEN "HSG_DEN" true true false 30 Text 0 0 ,First,#,PlannedLandUse,HSG_DEN,-1,-1;BENCHMARK "BENCHMARK" true true false 4 Text 0 0 ,First,#,PlannedLandUse,BENCHMARK,-1,-1;METC_DESC "METC_DESC" true true false 60 Text 0 0 ,First,#,PlannedLandUse,METC_DESC,-1,-1;METC_DENS "METC_DENS" true true false 30 Text 0 0 ,First,#,PlannedLandUse,METC_DENS,-1,-1;HSGDEN_RNG "HSGDEN_RNG" true true false 10 Text 0 0 ,First,#,PlannedLandUse,HSGDEN_RNG,-1,-1;REGIONAL_N "REGIONAL_N" true true false 8 Double 8 38 ,First,#,PlannedLandUse,REGIONAL_N,-1,-1;Shape_Leng "Shape_Leng" true true false 8 Double 8 38 ,First,#,PlannedLandUse,Shape_Leng,-1,-1;ACRES "ACRES" true true false 8 Double 8 38 ,First,#,PlannedLandUse,ACRES,-1,-1;GlobalID "GlobalID" false false true 38 GlobalID 0 0 ,First,#;CTU_CODE "CTU_CODE" true true false 5 Text 0 0 ,First,#,PlannedLandUse,CTU_CODE,-1,-1;Shape.area "Shape.area" false false true 0 Double 0 0 ,First,#;Shape.len "Shape.len" false false true 0 Double 0 0 ,First,#" #</Process>
				<Process ToolSource="c:\program files (x86)\arcgis\desktop10.3\ArcToolbox\Toolboxes\Data Management Tools.tbx\Append" Date="20160729" Time="131350">Append PlannedLandUse GISLibrary.DBO.PlannedLandUse NO_TEST "COCTU_ID "COCTU_ID" true true false 11 Text 0 0 ,First,#,PlannedLandUse,COCTU_ID,-1,-1;CO_CODE "CO_CODE" true true false 3 Text 0 0 ,First,#,PlannedLandUse,CO_CODE,-1,-1;CTU_ID "CTU_ID" true true false 4 Long 0 10 ,First,#,PlannedLandUse,CTU_ID,-1,-1;CTU_NAME "CTU_NAME" true true false 24 Text 0 0 ,First,#,PlannedLandUse,CTU_NAME,-1,-1;PLUSE_DESC "PLUSE_DESC" true true false 60 Text 0 0 ,First,#,PlannedLandUse,PLUSE_DESC,-1,-1;HSG_DEN "HSG_DEN" true true false 30 Text 0 0 ,First,#,PlannedLandUse,HSG_DEN,-1,-1;BENCHMARK "BENCHMARK" true true false 4 Text 0 0 ,First,#,PlannedLandUse,BENCHMARK,-1,-1;METC_DESC "METC_DESC" true true false 60 Text 0 0 ,First,#,PlannedLandUse,METC_DESC,-1,-1;METC_DENS "METC_DENS" true true false 30 Text 0 0 ,First,#,PlannedLandUse,METC_DENS,-1,-1;HSGDEN_RNG "HSGDEN_RNG" true true false 10 Text 0 0 ,First,#,PlannedLandUse,HSGDEN_RNG,-1,-1;REGIONAL_N "REGIONAL_N" true true false 8 Double 8 38 ,First,#,PlannedLandUse,REGIONAL_N,-1,-1;Shape_Leng "Shape_Leng" true true false 8 Double 8 38 ,First,#,PlannedLandUse,Shape_Leng,-1,-1;ACRES "ACRES" true true false 8 Double 8 38 ,First,#,PlannedLandUse,ACRES,-1,-1;GlobalID "GlobalID" false false true 38 GlobalID 0 0 ,First,#;CTU_CODE "CTU_CODE" true true false 5 Text 0 0 ,First,#,PlannedLandUse,CTU_CODE,-1,-1;Shape.area "Shape.area" false false true 0 Double 0 0 ,First,#;Shape.len "Shape.len" false false true 0 Double 0 0 ,First,#" #</Process>
				<Process ToolSource="c:\program files (x86)\arcgis\desktop10.3\ArcToolbox\Toolboxes\Data Management Tools.tbx\Append" Date="20160822" Time="095351">Append PlannedLandUse GISLibrary.DBO.PlannedLandUse NO_TEST "COCTU_ID "COCTU_ID" true true false 11 Text 0 0 ,First,#,PlannedLandUse,COCTU_ID,-1,-1;CO_CODE "CO_CODE" true true false 3 Text 0 0 ,First,#,PlannedLandUse,CO_CODE,-1,-1;CTU_ID "CTU_ID" true true false 4 Long 0 10 ,First,#,PlannedLandUse,CTU_ID,-1,-1;CTU_NAME "CTU_NAME" true true false 24 Text 0 0 ,First,#,PlannedLandUse,CTU_NAME,-1,-1;PLUSE_DESC "PLUSE_DESC" true true false 60 Text 0 0 ,First,#,PlannedLandUse,PLUSE_DESC,-1,-1;HSG_DEN "HSG_DEN" true true false 30 Text 0 0 ,First,#,PlannedLandUse,HSG_DEN,-1,-1;BENCHMARK "BENCHMARK" true true false 4 Text 0 0 ,First,#,PlannedLandUse,BENCHMARK,-1,-1;METC_DESC "METC_DESC" true true false 60 Text 0 0 ,First,#,PlannedLandUse,METC_DESC,-1,-1;METC_DENS "METC_DENS" true true false 30 Text 0 0 ,First,#,PlannedLandUse,METC_DENS,-1,-1;HSGDEN_RNG "HSGDEN_RNG" true true false 10 Text 0 0 ,First,#,PlannedLandUse,HSGDEN_RNG,-1,-1;REGIONAL_N "REGIONAL_N" true true false 8 Double 8 38 ,First,#,PlannedLandUse,REGIONAL_N,-1,-1;Shape_Leng "Shape_Leng" true true false 8 Double 8 38 ,First,#,PlannedLandUse,Shape_Leng,-1,-1;ACRES "ACRES" true true false 8 Double 8 38 ,First,#,PlannedLandUse,ACRES,-1,-1;GlobalID "GlobalID" false false true 38 GlobalID 0 0 ,First,#;CTU_CODE "CTU_CODE" true true false 5 Text 0 0 ,First,#,PlannedLandUse,CTU_CODE,-1,-1;Shape.area "Shape.area" false false true 0 Double 0 0 ,First,#;Shape.len "Shape.len" false false true 0 Double 0 0 ,First,#" #</Process>
				<Process ToolSource="c:\program files (x86)\arcgis\desktop10.3\ArcToolbox\Toolboxes\Data Management Tools.tbx\Append" Date="20170420" Time="085019">Append PlannedLandUse GISLibrary.DBO.PlannedLandUse NO_TEST "COCTU_ID "COCTU_ID" true true false 11 Text 0 0 ,First,#,PlannedLandUse,COCTU_ID,-1,-1;CO_CODE "CO_CODE" true true false 3 Text 0 0 ,First,#,PlannedLandUse,CO_CODE,-1,-1;CTU_ID "CTU_ID" true true false 4 Long 0 10 ,First,#,PlannedLandUse,CTU_ID,-1,-1;CTU_NAME "CTU_NAME" true true false 24 Text 0 0 ,First,#,PlannedLandUse,CTU_NAME,-1,-1;PLUSE_DESC "PLUSE_DESC" true true false 60 Text 0 0 ,First,#,PlannedLandUse,PLUSE_DESC,-1,-1;HSG_DEN "HSG_DEN" true true false 30 Text 0 0 ,First,#,PlannedLandUse,HSG_DEN,-1,-1;BENCHMARK "BENCHMARK" true true false 4 Text 0 0 ,First,#,PlannedLandUse,BENCHMARK,-1,-1;METC_DESC "METC_DESC" true true false 60 Text 0 0 ,First,#,PlannedLandUse,METC_DESC,-1,-1;METC_DENS "METC_DENS" true true false 30 Text 0 0 ,First,#,PlannedLandUse,METC_DENS,-1,-1;HSGDEN_RNG "HSGDEN_RNG" true true false 10 Text 0 0 ,First,#,PlannedLandUse,HSGDEN_RNG,-1,-1;REGIONAL_N "REGIONAL_N" true true false 8 Double 8 38 ,First,#,PlannedLandUse,REGIONAL_N,-1,-1;Shape_Leng "Shape_Leng" true true false 8 Double 8 38 ,First,#,PlannedLandUse,Shape_Leng,-1,-1;ACRES "ACRES" true true false 8 Double 8 38 ,First,#,PlannedLandUse,ACRES,-1,-1;GlobalID "GlobalID" false false true 38 GlobalID 0 0 ,First,#;CTU_CODE "CTU_CODE" true true false 5 Text 0 0 ,First,#,PlannedLandUse,CTU_CODE,-1,-1;Shape.area "Shape.area" false false true 0 Double 0 0 ,First,#;Shape.len "Shape.len" false false true 0 Double 0 0 ,First,#" #</Process>
				<Process ToolSource="C:\program files\arcgis\server\ArcToolbox\Toolboxes\Conversion Tools.tbx\FeatureClassToFeatureClass" Date="20170421" Time="000235">FeatureClassToFeatureClass /var/ftp/gdrs_temp/update\us_mn_state_metc\plan_pland_land_use\fgdb\plan_pland_land_use.gdb\PlannedLandUse /var/ftp/gdrs_temp/update\us_mn_state_metc\plan_pland_land_use\shp PlannedLandUse.shp # "COCTU_ID "COCTU_ID" true true false 11 Text 0 0 ,First,#,/var/ftp/gdrs_temp/update\us_mn_state_metc\plan_pland_land_use\fgdb\plan_pland_land_use.gdb\PlannedLandUse,COCTU_ID,-1,-1;CO_CODE "CO_CODE" true true false 3 Text 0 0 ,First,#,/var/ftp/gdrs_temp/update\us_mn_state_metc\plan_pland_land_use\fgdb\plan_pland_land_use.gdb\PlannedLandUse,CO_CODE,-1,-1;CTU_ID "CTU_ID" true true false 4 Long 0 0 ,First,#,/var/ftp/gdrs_temp/update\us_mn_state_metc\plan_pland_land_use\fgdb\plan_pland_land_use.gdb\PlannedLandUse,CTU_ID,-1,-1;CTU_NAME "CTU_NAME" true true false 24 Text 0 0 ,First,#,/var/ftp/gdrs_temp/update\us_mn_state_metc\plan_pland_land_use\fgdb\plan_pland_land_use.gdb\PlannedLandUse,CTU_NAME,-1,-1;PLUSE_DESC "PLUSE_DESC" true true false 60 Text 0 0 ,First,#,/var/ftp/gdrs_temp/update\us_mn_state_metc\plan_pland_land_use\fgdb\plan_pland_land_use.gdb\PlannedLandUse,PLUSE_DESC,-1,-1;HSG_DEN "HSG_DEN" true true false 30 Text 0 0 ,First,#,/var/ftp/gdrs_temp/update\us_mn_state_metc\plan_pland_land_use\fgdb\plan_pland_land_use.gdb\PlannedLandUse,HSG_DEN,-1,-1;BENCHMARK "BENCHMARK" true true false 4 Text 0 0 ,First,#,/var/ftp/gdrs_temp/update\us_mn_state_metc\plan_pland_land_use\fgdb\plan_pland_land_use.gdb\PlannedLandUse,BENCHMARK,-1,-1;METC_DESC "METC_DESC" true true false 60 Text 0 0 ,First,#,/var/ftp/gdrs_temp/update\us_mn_state_metc\plan_pland_land_use\fgdb\plan_pland_land_use.gdb\PlannedLandUse,METC_DESC,-1,-1;METC_DENS "METC_DENS" true true false 30 Text 0 0 ,First,#,/var/ftp/gdrs_temp/update\us_mn_state_metc\plan_pland_land_use\fgdb\plan_pland_land_use.gdb\PlannedLandUse,METC_DENS,-1,-1;HSGDEN_RNG "HSGDEN_RNG" true true false 10 Text 0 0 ,First,#,/var/ftp/gdrs_temp/update\us_mn_state_metc\plan_pland_land_use\fgdb\plan_pland_land_use.gdb\PlannedLandUse,HSGDEN_RNG,-1,-1;REGIONAL_N "REGIONAL_N" true true false 8 Double 0 0 ,First,#,/var/ftp/gdrs_temp/update\us_mn_state_metc\plan_pland_land_use\fgdb\plan_pland_land_use.gdb\PlannedLandUse,REGIONAL_N,-1,-1;Shape_Leng "Shape_Leng" true true false 8 Double 0 0 ,First,#,/var/ftp/gdrs_temp/update\us_mn_state_metc\plan_pland_land_use\fgdb\plan_pland_land_use.gdb\PlannedLandUse,Shape_Leng,-1,-1;ACRES "ACRES" true true false 8 Double 0 0 ,First,#,/var/ftp/gdrs_temp/update\us_mn_state_metc\plan_pland_land_use\fgdb\plan_pland_land_use.gdb\PlannedLandUse,ACRES,-1,-1;CTU_CODE "CTU_CODE" true true false 5 Text 0 0 ,First,#,/var/ftp/gdrs_temp/update\us_mn_state_metc\plan_pland_land_use\fgdb\plan_pland_land_use.gdb\PlannedLandUse,CTU_CODE,-1,-1;Shape_Le_1 "Shape_Le_1" false true true 8 Double 0 0 ,First,#,/var/ftp/gdrs_temp/update\us_mn_state_metc\plan_pland_land_use\fgdb\plan_pland_land_use.gdb\PlannedLandUse,Shape_Length,-1,-1;Shape_Area "Shape_Area" false true true 8 Double 0 0 ,First,#,/var/ftp/gdrs_temp/update\us_mn_state_metc\plan_pland_land_use\fgdb\plan_pland_land_use.gdb\PlannedLandUse,Shape_Area,-1,-1" #</Process>
			</lineage>
		</DataProperties>
		<SyncDate>20170421</SyncDate>
		<SyncTime>00023500</SyncTime>
		<ModDate>20170421</ModDate>
		<ModTime>00023500</ModTime>
	</Esri>
	<dataIdInfo>
		<envirDesc Sync="TRUE">Microsoft Windows XP Professional x64 Edition Version 5.2 (Build 3790) Service Pack 2; Esri ArcGIS 10.4.1.5686</envirDesc>
		<dataLang>
			<languageCode value="en" Sync="TRUE"/>
			<countryCode value="US" Sync="TRUE"/>
		</dataLang>
		<idCitation>
			<resTitle Sync="TRUE">PlannedLandUse</resTitle>
			<presForm>
				<PresFormCd value="005" Sync="TRUE"/>
			</presForm>
		</idCitation>
		<spatRpType>
			<SpatRepTypCd value="001" Sync="TRUE"/>
		</spatRpType>
	</dataIdInfo>
	<mdLang>
		<languageCode value="en" Sync="TRUE"/>
		<countryCode value="US" Sync="TRUE"/>
	</mdLang>
	<distInfo>
		<distFormat>
			<formatName Sync="TRUE">Shapefile</formatName>
		</distFormat>
		<distTranOps>
			<transSize Sync="TRUE">0.000</transSize>
		</distTranOps>
	</distInfo>
	<mdHrLv>
		<ScopeCd value="005" Sync="TRUE"/>
	</mdHrLv>
	<mdHrLvName Sync="TRUE">dataset</mdHrLvName>
	<refSysInfo>
		<RefSystem>
			<refSysID>
				<identCode code="26915" Sync="TRUE"/>
				<idCodeSpace Sync="TRUE">EPSG</idCodeSpace>
				<idVersion Sync="TRUE">6.13(3.0.1)</idVersion>
			</refSysID>
		</RefSystem>
	</refSysInfo>
	<spatRepInfo>
		<VectSpatRep>
			<geometObjs Name="PlannedLandUse">
				<geoObjTyp>
					<GeoObjTypCd value="002" Sync="TRUE"/>
				</geoObjTyp>
				<geoObjCnt Sync="TRUE">0</geoObjCnt>
			</geometObjs>
			<topLvl>
				<TopoLevCd value="001" Sync="TRUE"/>
			</topLvl>
		</VectSpatRep>
	</spatRepInfo>
	<spdoinfo>
		<ptvctinf>
			<esriterm Name="PlannedLandUse">
				<efeatyp Sync="TRUE">Simple</efeatyp>
				<efeageom code="4" Sync="TRUE"/>
				<esritopo Sync="TRUE">FALSE</esritopo>
				<efeacnt Sync="TRUE">0</efeacnt>
				<spindex Sync="TRUE">FALSE</spindex>
				<linrefer Sync="TRUE">FALSE</linrefer>
			</esriterm>
		</ptvctinf>
	</spdoinfo>
	<eainfo>
		<detailed Name="PlannedLandUse">
			<enttyp>
				<enttypl Sync="TRUE">PlannedLandUse</enttypl>
				<enttypt Sync="TRUE">Feature Class</enttypt>
				<enttypc Sync="TRUE">0</enttypc>
			</enttyp>
			<attr>
				<attrlabl Sync="TRUE">FID</attrlabl>
				<attalias Sync="TRUE">FID</attalias>
				<attrtype Sync="TRUE">OID</attrtype>
				<attwidth Sync="TRUE">4</attwidth>
				<atprecis Sync="TRUE">0</atprecis>
				<attscale Sync="TRUE">0</attscale>
				<attrdef Sync="TRUE">Internal feature number.</attrdef>
				<attrdefs Sync="TRUE">Esri</attrdefs>
				<attrdomv>
					<udom Sync="TRUE">Sequential unique whole numbers that are automatically generated.</udom>
				</attrdomv>
			</attr>
			<attr>
				<attrlabl Sync="TRUE">COCTU_ID</attrlabl>
				<attalias Sync="TRUE">COCTU_ID</attalias>
				<attrtype Sync="TRUE">String</attrtype>
				<attwidth Sync="TRUE">11</attwidth>
				<atprecis Sync="TRUE">0</atprecis>
				<attscale Sync="TRUE">0</attscale>
			</attr>
			<attr>
				<attrlabl Sync="TRUE">CO_CODE</attrlabl>
				<attalias Sync="TRUE">CO_CODE</attalias>
				<attrtype Sync="TRUE">String</attrtype>
				<attwidth Sync="TRUE">3</attwidth>
				<atprecis Sync="TRUE">0</atprecis>
				<attscale Sync="TRUE">0</attscale>
			</attr>
			<attr>
				<attrlabl Sync="TRUE">CTU_ID</attrlabl>
				<attalias Sync="TRUE">CTU_ID</attalias>
				<attrtype Sync="TRUE">Integer</attrtype>
				<attwidth Sync="TRUE">10</attwidth>
				<atprecis Sync="TRUE">10</atprecis>
				<attscale Sync="TRUE">0</attscale>
			</attr>
			<attr>
				<attrlabl Sync="TRUE">CTU_NAME</attrlabl>
				<attalias Sync="TRUE">CTU_NAME</attalias>
				<attrtype Sync="TRUE">String</attrtype>
				<attwidth Sync="TRUE">24</attwidth>
				<atprecis Sync="TRUE">0</atprecis>
				<attscale Sync="TRUE">0</attscale>
			</attr>
			<attr>
				<attrlabl Sync="TRUE">PLUSE_DESC</attrlabl>
				<attalias Sync="TRUE">PLUSE_DESC</attalias>
				<attrtype Sync="TRUE">String</attrtype>
				<attwidth Sync="TRUE">60</attwidth>
				<atprecis Sync="TRUE">0</atprecis>
				<attscale Sync="TRUE">0</attscale>
			</attr>
			<attr>
				<attrlabl Sync="TRUE">HSG_DEN</attrlabl>
				<attalias Sync="TRUE">HSG_DEN</attalias>
				<attrtype Sync="TRUE">String</attrtype>
				<attwidth Sync="TRUE">30</attwidth>
				<atprecis Sync="TRUE">0</atprecis>
				<attscale Sync="TRUE">0</attscale>
			</attr>
			<attr>
				<attrlabl Sync="TRUE">BENCHMARK</attrlabl>
				<attalias Sync="TRUE">BENCHMARK</attalias>
				<attrtype Sync="TRUE">String</attrtype>
				<attwidth Sync="TRUE">4</attwidth>
				<atprecis Sync="TRUE">0</atprecis>
				<attscale Sync="TRUE">0</attscale>
			</attr>
			<attr>
				<attrlabl Sync="TRUE">METC_DESC</attrlabl>
				<attalias Sync="TRUE">METC_DESC</attalias>
				<attrtype Sync="TRUE">String</attrtype>
				<attwidth Sync="TRUE">60</attwidth>
				<atprecis Sync="TRUE">0</atprecis>
				<attscale Sync="TRUE">0</attscale>
			</attr>
			<attr>
				<attrlabl Sync="TRUE">METC_DENS</attrlabl>
				<attalias Sync="TRUE">METC_DENS</attalias>
				<attrtype Sync="TRUE">String</attrtype>
				<attwidth Sync="TRUE">30</attwidth>
				<atprecis Sync="TRUE">0</atprecis>
				<attscale Sync="TRUE">0</attscale>
			</attr>
			<attr>
				<attrlabl Sync="TRUE">HSGDEN_RNG</attrlabl>
				<attalias Sync="TRUE">HSGDEN_RNG</attalias>
				<attrtype Sync="TRUE">String</attrtype>
				<attwidth Sync="TRUE">10</attwidth>
				<atprecis Sync="TRUE">0</atprecis>
				<attscale Sync="TRUE">0</attscale>
			</attr>
			<attr>
				<attrlabl Sync="TRUE">REGIONAL_N</attrlabl>
				<attalias Sync="TRUE">REGIONAL_N</attalias>
				<attrtype Sync="TRUE">Double</attrtype>
				<attwidth Sync="TRUE">19</attwidth>
				<atprecis Sync="TRUE">0</atprecis>
				<attscale Sync="TRUE">0</attscale>
			</attr>
			<attr>
				<attrlabl Sync="TRUE">Shape_Leng</attrlabl>
				<attalias Sync="TRUE">Shape_Leng</attalias>
				<attrtype Sync="TRUE">Double</attrtype>
				<attwidth Sync="TRUE">19</attwidth>
				<atprecis Sync="TRUE">0</atprecis>
				<attscale Sync="TRUE">0</attscale>
			</attr>
			<attr>
				<attrlabl Sync="TRUE">ACRES</attrlabl>
				<attalias Sync="TRUE">ACRES</attalias>
				<attrtype Sync="TRUE">Double</attrtype>
				<attwidth Sync="TRUE">19</attwidth>
				<atprecis Sync="TRUE">0</atprecis>
				<attscale Sync="TRUE">0</attscale>
			</attr>
			<attr>
				<attrlabl Sync="TRUE">Shape</attrlabl>
				<attalias Sync="TRUE">Shape</attalias>
				<attrtype Sync="TRUE">Geometry</attrtype>
				<attwidth Sync="TRUE">0</attwidth>
				<atprecis Sync="TRUE">0</atprecis>
				<attscale Sync="TRUE">0</attscale>
				<attrdef Sync="TRUE">Feature geometry.</attrdef>
				<attrdefs Sync="TRUE">Esri</attrdefs>
				<attrdomv>
					<udom Sync="TRUE">Coordinates defining the features.</udom>
				</attrdomv>
			</attr>
			<attr>
				<attrlabl Sync="TRUE">CTU_CODE</attrlabl>
				<attalias Sync="TRUE">CTU_CODE</attalias>
				<attrtype Sync="TRUE">String</attrtype>
				<attwidth Sync="TRUE">5</attwidth>
				<atprecis Sync="TRUE">0</atprecis>
				<attscale Sync="TRUE">0</attscale>
			</attr>
			<attr>
				<attrlabl Sync="TRUE">Shape_Le_1</attrlabl>
				<attalias Sync="TRUE">Shape_Le_1</attalias>
				<attrtype Sync="TRUE">Double</attrtype>
				<attwidth Sync="TRUE">19</attwidth>
				<atprecis Sync="TRUE">0</atprecis>
				<attscale Sync="TRUE">0</attscale>
			</attr>
			<attr>
				<attrlabl Sync="TRUE">Shape_Area</attrlabl>
				<attalias Sync="TRUE">Shape_Area</attalias>
				<attrtype Sync="TRUE">Double</attrtype>
				<attwidth Sync="TRUE">19</attwidth>
				<atprecis Sync="TRUE">0</atprecis>
				<attscale Sync="TRUE">0</attscale>
				<attrdef Sync="TRUE">Area of feature in internal units squared.</attrdef>
				<attrdefs Sync="TRUE">Esri</attrdefs>
				<attrdomv>
					<udom Sync="TRUE">Positive real numbers that are automatically generated.</udom>
				</attrdomv>
			</attr>
		</detailed>
	</eainfo>
	<mdDateSt Sync="TRUE">20170421</mdDateSt>
</metadata>
