Parameter Name,Site_keys_x,Arithmetic Mean,forest,open_land,water,wetland,saltwater/sandybeach,recreational,marina,transitional,urban_public/institution,commercial,transportation,mining,waste,crop_land,cemetary,golfcourse,high_density_residential,medium_density_residential,low_density_residential,industrial,Dew Point,Outdoor Temperature,Solar radiation,Sulfation rate,Wind Speed - Resultant
NO2,[ 34.803421 -86.965007],0.00552381,0.0,0.0,0.0,0.0,0.0,0,0,0.0,0.13,0.145,0.0,0.0,0,0.5,0,0,0,0.225,0,0.0,36.17081747058825,64.31325205769232,0.2883046,0.23567733333333327,4.763196199999999
NO2,[ 34.685923 -87.070845],0.0072142859999999994,0.24,0.0,0.76,0.0,0.0,0,0,0.0,0.0,0.0,0.0,0.0,0,0.0,0,0,0,0.0,0,0.0,36.17081747058825,64.31325205769232,0.2883046,0.23567733333333327,4.763196199999999
NO2,[ 34.687761 -86.586362],0.023585703,0.0,0.0,0.0,0.0,0.0,0,0,0.0,0.25,0.0,0.62,0.0,0,0.13,0,0,0,0.0,0,0.0,36.17081747058825,58.58843,0.2883046,0.23567733333333327,4.763196199999999
NO2,[ 34.687761 -86.586362],0.023,0.0,0.0,0.0,0.0,0.0,0,0,0.0,0.25,0.0,0.62,0.0,0,0.13,0,0,0,0.0,0,0.0,36.17081747058825,58.58843,0.2883046,0.23567733333333327,4.763196199999999
NO2,[ 34.619814 -86.997509],0.026961142999999996,0.0,0.0,0.22,0.0,0.0,0,0,0.0,0.2,0.17,0.0,0.0,0,0.0,0,0,0,0.36,0,0.05,36.17081747058825,64.31325205769232,0.2883046,0.23567733333333327,4.763196199999999
NO2,[ 34.619814 -86.997509],0.018833333,0.0,0.0,0.22,0.0,0.0,0,0,0.0,0.2,0.17,0.0,0.0,0,0.0,0,0,0,0.36,0,0.05,36.17081747058825,64.31325205769232,0.2883046,0.23567733333333327,4.763196199999999
NO2,[ 34.605925 -86.981952],0.017811321,0.0,0.0,0.0,0.0,0.0,0,0,0.0,0.0,0.865384615385,0.0,0.0,0,0.0,0,0,0,0.125,0,0.00961538461538,36.17081747058825,64.31325205769232,0.2883046,0.23567733333333327,4.763196199999999
NO2,[ 34.433428 -86.940007],0.004745455,0.0,0.0,0.0,0.0,0.0,0,0,0.0,0.03,0.04,0.0,0.0,0,0.14,0,0,0,0.79,0,0.0,36.17081747058825,64.31325205769232,0.2883046,0.23567733333333327,4.763196199999999
NO2,[  34.4225 -109.15  ],0.003522222,0.0,1.0,0.0,0.0,0.0,0,0,0.0,0.0,0.0,0.0,0.0,0,0.0,0,0,0,0.0,0,0.0,36.17081747058825,64.31325205769232,0.2883046,0.23567733333333327,4.763196199999999
NO2,[  31.894444 -110.246389],0.005245652,0.0,1.0,0.0,0.0,0.0,0,0,0.0,0.0,0.0,0.0,0.0,0,0.0,0,0,0,0.0,0,0.0,36.17081747058825,64.31325205769232,0.2883046,0.23567733333333327,4.763196199999999
NO2,[  36.080539 -112.155726],0.005608333,0.07,0.93,0.0,0.0,0.0,0,0,0.0,0.0,0.0,0.0,0.0,0,0.0,0,0,0,0.0,0,0.0,36.17081747058825,64.31325205769232,0.2883046,0.23567733333333327,4.763196199999999
NO2,[  33.45793 -112.04601],0.007567256,0.0,0.0,0.0,0.0,0.0,0,0,0.0,0.0,0.163793103448,0.0,0.0,0,0.0,0,0,0,0.8362068965520001,0,0.0,36.17081747058825,64.31325205769232,0.2883046,0.23567733333333327,4.763196199999999
NO2,[  32.222058 -110.974681],0.036193767,0.0,0.0,0.0,0.0,0.0,0,0,0.0,0.0,0.9607843137250001,0.0,0.0,0,0.0,0,0,0,0.0392156862745,0,0.0,36.17081747058825,64.31325205769232,0.2883046,0.23567733333333327,4.763196199999999
NO2,[  32.204411 -110.878067],0.020781533999999997,0.0,0.0,0.0,0.0,0.0,0,0,0.0,0.0,0.194915254237,0.0,0.0,0,0.0,0,0,0,0.8050847457629999,0,0.0,36.17081747058825,64.31325205769232,0.2883046,0.23567733333333327,4.763196199999999
NO2,[  32.204411 -110.878067],0.02430441,0.0,0.0,0.0,0.0,0.0,0,0,0.0,0.0,0.194915254237,0.0,0.0,0,0.0,0,0,0,0.8050847457629999,0,0.0,36.17081747058825,64.31325205769232,0.2883046,0.23567733333333327,4.763196199999999
NO2,[  37.535833 -121.961823],0.023817854,0.0,0.0,0.0,0.0,0.0,0,0,0.0,0.0,0.62,0.0,0.0,0,0.03,0,0,0,0.35,0,0.0,36.17081747058825,64.31325205769232,0.2883046,0.23567733333333327,4.763196199999999
NO2,[  37.682708 -121.770231],0.022103092999999997,0.0,0.0,0.0,0.0,0.0,0,0,0.0,0.0,0.77,0.0,0.0,0,0.0,0,0,0,0.23,0,0.0,36.17081747058825,64.31325205769232,0.2883046,0.23567733333333327,4.763196199999999
NO2,[  37.682708 -121.770231],0.025117715,0.0,0.0,0.0,0.0,0.0,0,0,0.0,0.0,0.77,0.0,0.0,0,0.0,0,0,0,0.23,0,0.0,36.17081747058825,64.31325205769232,0.2883046,0.23567733333333327,4.763196199999999
NO2,[  37.800484 -122.266358],0.04776435,0.0,0.0,0.0,0.0,0.0,0,0,0.0,0.0,1.0,0.0,0.0,0,0.0,0,0,0,0.0,0,0.0,36.17081747058825,64.31325205769232,0.2883046,0.23567733333333327,4.763196199999999
NO2,[  39.757371 -121.843286],0.015028506,0.0,0.0,0.0,0.0,0.0,0,0,0.0,0.0,0.37037037037,0.101851851852,0.0,0,0.0,0,0,0,0.5277777777780001,0,0.0,36.17081747058825,64.31325205769232,0.2883046,0.23567733333333327,4.763196199999999
NO2,[  37.886869 -122.027462],0.032390892000000004,0.03,0.0,0.0,0.0,0.0,0,0,0.0,0.0,0.0,0.0,0.0,0,0.0,0,0,0,0.97,0,0.0,36.17081747058825,64.31325205769232,0.2883046,0.23567733333333327,4.763196199999999
NO2,[  37.936013 -122.026154],0.025624913,0.0,0.0,0.0,0.0,0.0,0,0,0.0,0.0,0.6,0.0,0.0,0,0.0,0,0,0,0.4,0,0.0,36.17081747058825,64.31325205769232,0.2883046,0.23567733333333327,4.763196199999999
NO2,[  37.949924 -122.357193],0.023310834,0.0,0.0,0.0,0.0,0.0,0,0,0.0,0.0,0.019607843137299998,0.0,0.0,0,0.0,0,0,0,0.617647058824,0,0.362745098039,36.17081747058825,64.31325205769232,0.2883046,0.23567733333333327,4.763196199999999
NO2,[  38.029258 -121.896866],0.017542395,0.0,0.0,0.0,0.12,0.0,0,0,0.0,0.25,0.0,0.0,0.0,0,0.0,0,0,0,0.17,0,0.46,36.17081747058825,64.31325205769232,0.2883046,0.23567733333333327,4.763196199999999
NO2,[  38.029258 -121.896866],0.017240717,0.0,0.0,0.0,0.12,0.0,0,0,0.0,0.25,0.0,0.0,0.0,0,0.0,0,0,0,0.17,0,0.46,36.17081747058825,64.31325205769232,0.2883046,0.23567733333333327,4.763196199999999
NO2,[  38.916575 -120.001015],0.015353065,0.0,0.0,0.0,0.0,0.0,0,0,0.0,0.0,0.75,0.0,0.0,0,0.0,0,0,0,0.25,0,0.0,36.17081747058825,64.31325205769232,0.2883046,0.23567733333333327,4.763196199999999
NO2,[  36.725228 -119.751254],0.034361929,0.0,0.0,0.0,0.0,0.0,0,0,0.0,0.0,0.46,0.0,0.0,0,0.19,0,0,0,0.23,0,0.12,36.17081747058825,64.31325205769232,0.2883046,0.23567733333333327,4.763196199999999
NO2,[  36.738005 -119.791256],0.031140645,0.0,0.0,0.0,0.0,0.0,0,0,0.0,0.0,0.973333333333,0.0,0.0,0,0.0,0,0,0,0.013333333333299998,0,0.013333333333299998,36.17081747058825,64.31325205769232,0.2883046,0.23567733333333327,4.763196199999999
NO2,[  36.145789 -120.359316],0.019300595,0.0,0.0,0.0,0.0,0.0,0,0,0.0,0.0,0.78125,0.0,0.0,0,0.0,0,0,0,0.21875,0,0.0,36.17081747058825,64.31325205769232,0.2883046,0.23567733333333327,4.763196199999999
NO2,[  36.341062 -120.105699],0.009794858,0.0,0.0,0.0,0.0,0.0,0,0,0.0,0.0,0.0,0.0,0.0,0,0.854700854701,0,0,0,0.14529914529899998,0,0.0,36.17081747058825,64.31325205769232,0.2883046,0.23567733333333327,4.763196199999999
NO2,[  35.374959 -119.022602],0.036234411,0.0,0.04,0.0,0.0,0.0,0,0,0.0,0.0,0.96,0.0,0.0,0,0.0,0,0,0,0.0,0,0.0,36.17081747058825,64.31325205769232,0.2883046,0.23567733333333327,4.763196199999999
NO2,[  35.434679 -119.013434],0.040065738999999996,0.0,0.0,0.0,0.0,0.0,0,0,0.11214953271,0.0,0.0654205607477,0.0,0.0,0,0.0,0,0,0,0.719626168224,0,0.10280373831800001,36.17081747058825,64.31325205769232,0.2883046,0.23567733333333327,4.763196199999999
NO2,[  38.956287 -122.647485],0.007775688,0.0,0.0,0.26,0.0,0.0,0,0,0.0,0.18,0.36,0.0,0.0,0,0.0,0,0,0,0.2,0,0.0,36.17081747058825,64.31325205769232,0.2883046,0.23567733333333327,4.763196199999999
NO2,[  33.92899 -118.21071],0.049881529,0.0,0.0,0.0,0.0,0.0,0,0,0.0,0.0,0.57,0.0,0.0,0,0.0,0,0,0,0.43,0,0.0,36.17081747058825,64.31325205769232,0.2883046,0.23567733333333327,4.763196199999999
NO2,[  33.923625 -118.02562 ],0.05111094,0.0,0.0,0.0,0.0,0.0,0,0,0.0,0.0512820512821,0.14529914529899998,0.0,0.0,0,0.0,0,0,0,0.8034188034190001,0,0.0,36.17081747058825,64.31325205769232,0.2883046,0.23567733333333327,4.763196199999999
NO2,[  33.82376 -118.18921],0.049359907,0.0,0.0,0.0,0.0,0.0,0,0,0.0,0.0,0.23,0.06,0.0,0,0.0,0,0,0,0.44,0,0.27,36.17081747058825,64.31325205769232,0.2883046,0.23567733333333327,4.763196199999999
NO2,[  33.930292 -118.369798],0.086173826,0.0,0.0,0.0,0.0,0.0,0,0,0.0,0.0,0.03,0.14,0.0,0,0.0,0,0,0,0.74,0,0.09,36.17081747058825,64.31325205769232,0.2883046,0.23567733333333327,4.763196199999999
NO2,[  34.1365  -117.92391],0.037067733,0.0,0.0,0.0,0.0,0.0,0,0,0.0,0.0,0.0,0.0,0.39,0,0.0,0,0,0,0.0,0,0.61,36.17081747058825,64.31325205769232,0.2883046,0.23567733333333327,4.763196199999999
NO2,[  34.14435 -117.85036],0.040608228999999996,0.0,0.0,0.0,0.0,0.0,0,0,0.0,0.0,0.115044247788,0.0,0.0,0,0.0,0,0,0,0.8849557522120001,0,0.0,36.17081747058825,64.31325205769232,0.2883046,0.23567733333333327,4.763196199999999
NO2,[  34.06703 -117.7514 ],0.050165322000000005,0.0,0.0,0.0,0.0,0.0,0,0,0.0,0.0,0.41,0.0,0.0,0,0.0,0,0,0,0.59,0,0.0,36.17081747058825,64.31325205769232,0.2883046,0.23567733333333327,4.763196199999999
NO2,[  34.17605 -118.31712],0.070722069,0.0,0.0,0.0,0.0,0.0,0,0,0.0,0.0,0.18,0.5,0.0,0,0.0,0,0,0,0.13,0,0.19,36.17081747058825,64.31325205769232,0.2883046,0.23567733333333327,4.763196199999999
NO2,[  34.149451 -118.124515],0.05561086,0.0,0.0,0.0,0.0,0.0,0,0,0.0,0.0,0.65811965812,0.0598290598291,0.0,0,0.0,0,0,0,0.282051282051,0,0.0,36.17081747058825,64.31325205769232,0.2883046,0.23567733333333327,4.763196199999999
NO2,[  34.149451 -118.124515],0.05846708,0.0,0.0,0.0,0.0,0.0,0,0,0.0,0.0,0.65811965812,0.0598290598291,0.0,0,0.0,0,0,0,0.282051282051,0,0.0,36.17081747058825,64.31325205769232,0.2883046,0.23567733333333327,4.763196199999999
NO2,[  34.06659 -118.22688],0.060798011,0.0,0.0,0.0,0.0,0.0,0,0,0.0,0.0,0.0157894736842,0.526315789474,0.0,0,0.0,0,0,0,0.0,0,0.45789473684199994,36.17081747058825,64.31325205769232,0.2883046,0.23567733333333327,4.763196199999999
NO2,[  34.058345 -118.250907],0.058014138,0.0,0.0,0.0,0.0,0.0,0,0,0.0,0.043010752688199996,0.36917562723999997,0.5376344086020001,0.0,0,0.0,0,0,0,0.041218637992800004,0,0.0089605734767,36.17081747058825,64.31325205769232,0.2883046,0.23567733333333327,4.763196199999999
NO2,[  34.051399 -118.3848  ],0.066436374,0.0,0.0,0.0,0.0,0.0,0,0,0.0,0.0,0.135,0.5,0.0,0,0.0,0,0,0,0.365,0,0.0,36.17081747058825,64.31325205769232,0.2883046,0.23567733333333327,4.763196199999999
NO2,[  34.19925 -118.53276],0.049674424,0.0,0.0,0.0,0.0,0.0,0,0,0.0,0.0,0.415204678363,0.0,0.0,0,0.0,0,0,0,0.584795321637,0,0.0,36.17081747058825,64.31325205769232,0.2883046,0.23567733333333327,4.763196199999999
NO2,[  34.386109 -118.532586],0.017924377,0.0,0.0,0.0,0.0,0.0,0,0,0.0,0.0,0.26,0.0,0.0,0,0.14,0,0,0,0.6,0,0.0,36.17081747058825,64.31325205769232,0.2883046,0.23567733333333327,4.763196199999999
NO2,[  34.01407 -118.06056],0.059301275,0.0,0.0,0.0,0.0,0.0,0,0,0.0,0.38,0.12,0.07,0.0,0,0.0,0,0,0,0.43,0,0.0,36.17081747058825,64.31325205769232,0.2883046,0.23567733333333327,4.763196199999999
NO2,[  34.712206 -118.140073],0.012281871000000001,0.0,0.66,0.0,0.0,0.0,0,0,0.0,0.05,0.03,0.0,0.0,0,0.0,0,0,0,0.26,0,0.0,36.17081747058825,64.31325205769232,0.2883046,0.23567733333333327,4.763196199999999
NO2,[  37.97231  -122.520004],0.025781903,0.0,0.0,0.0,0.0,0.0,0,0,0.0,0.0,0.76,0.0,0.0,0,0.0,0,0,0,0.24,0,0.0,36.17081747058825,64.31325205769232,0.2883046,0.23567733333333327,4.763196199999999
NO2,[  36.596071 -121.901621],0.011137995,0.0,0.0,0.0,0.0,0.0,0,0,0.0,0.0,0.33,0.0,0.0,0,0.0,0,0,0,0.67,0,0.0,36.17081747058825,64.31325205769232,0.2883046,0.23567733333333327,4.763196199999999
NO2,[  36.697181 -121.633556],0.015675456,0.0,0.0,0.0,0.0,0.0,0,0,0.0,0.0,0.327160493827,0.0,0.0,0,0.617283950617,0,0,0,0.0555555555556,0,0.0,36.17081747058825,64.31325205769232,0.2883046,0.23567733333333327,4.763196199999999
NO2,[  38.310942 -122.296189],0.021326567999999997,0.0,0.0,0.0,0.0,0.0,0,0,0.0,0.0,0.2,0.0,0.0,0,0.0,0,0,0,0.8,0,0.0,36.17081747058825,64.31325205769232,0.2883046,0.23567733333333327,4.763196199999999
NO2,[  33.821353 -117.91427 ],0.037868288,0.0,0.0,0.0,0.0,0.0,0,0,0.0,0.0932203389831,0.186440677966,0.05932203389830001,0.0,0,0.0,0,0,0,0.661016949153,0,0.0,36.17081747058825,64.31325205769232,0.2883046,0.23567733333333327,4.763196199999999
NO2,[  33.821353 -117.91427 ],0.054701797,0.0,0.0,0.0,0.0,0.0,0,0,0.0,0.0932203389831,0.186440677966,0.05932203389830001,0.0,0,0.0,0,0,0,0.661016949153,0,0.0,36.17081747058825,64.31325205769232,0.2883046,0.23567733333333327,4.763196199999999
NO2,[  33.656131 -117.930613],0.026226956000000003,0.0,0.0,0.0,0.0,0.0,0,0,0.0,0.056603773584900006,0.216981132075,0.0,0.0,0,0.0,0,0,0,0.72641509434,0,0.0,36.17081747058825,64.31325205769232,0.2883046,0.23567733333333327,4.763196199999999
NO2,[  33.92513 -117.95264],0.05146971,0.0,0.0,0.0,0.0,0.0,0,0,0.0,0.0789473684211,0.052631578947400004,0.0,0.0,0,0.0,0,0,0,0.868421052632,0,0.0,36.17081747058825,64.31325205769232,0.2883046,0.23567733333333327,4.763196199999999
NO2,[  33.85275 -116.54101],0.018852183999999998,0.0,0.5,0.0,0.0,0.0,0,0,0.0,0.01,0.03,0.0,0.0,0,0.0,0,0,0,0.43,0,0.03,36.17081747058825,64.31325205769232,0.2883046,0.23567733333333327,4.763196199999999
NO2,[  33.958348 -117.375878],0.042986465,0.0,0.0,0.0,0.0,0.0,0,0,0.0,0.37,0.0,0.09,0.0,0,0.0,0,0,0,0.54,0,0.0,36.17081747058825,64.31325205769232,0.2883046,0.23567733333333327,4.763196199999999
NO2,[  33.94603 -117.40063],0.050329202999999996,0.0,0.0,0.0,0.0,0.0,0,0,0.0,0.0,0.46,0.01,0.0,0,0.0,0,0,0,0.53,0,0.0,36.17081747058825,64.31325205769232,0.2883046,0.23567733333333327,4.763196199999999
NO2,[  33.99958 -117.41601],0.03415488,0.0,0.0,0.0,0.0,0.0,0,0,0.0,0.0,0.304347826087,0.0,0.0,0,0.0434782608696,0,0,0,0.652173913043,0,0.0,36.17081747058825,64.31325205769232,0.2883046,0.23567733333333327,4.763196199999999
NO2,[  38.667126 -121.251338],0.023008152999999996,0.0,0.0,0.0,0.0,0.0,0,0,0.0,0.0,0.28,0.17,0.0,0,0.13,0,0,0,0.39,0,0.03,36.17081747058825,64.31325205769232,0.2883046,0.23567733333333327,4.763196199999999
NO2,[  38.71209 -121.38109],0.027432322000000002,0.0,0.0,0.0,0.0,0.0,0,0,0.0,0.218181818182,0.0424242424242,0.0,0.0,0,0.606060606061,0,0,0,0.133333333333,0,0.0,36.17081747058825,64.31325205769232,0.2883046,0.23567733333333327,4.763196199999999
NO2,[  38.585183 -121.494677],0.027772471,0.0,0.0,0.0,0.0,0.0,0,0,0.0,0.0,0.65,0.0,0.0,0,0.0,0,0,0,0.07,0,0.28,36.17081747058825,64.31325205769232,0.2883046,0.23567733333333327,4.763196199999999
NO2,[  38.674904 -121.186892],0.025402432000000003,0.1,0.0,0.31,0.0,0.0,0,0,0.0,0.0,0.37,0.0,0.16,0,0.03,0,0,0,0.0,0,0.03,36.17081747058825,64.31325205769232,0.2883046,0.23567733333333327,4.763196199999999
NO2,[  38.674904 -121.186892],0.025402432000000003,0.1,0.0,0.31,0.0,0.0,0,0,0.0,0.0,0.37,0.0,0.16,0,0.03,0,0,0,0.0,0,0.03,36.17081747058825,64.31325205769232,0.2883046,0.23567733333333327,4.763196199999999
NO2,[  36.85551 -121.39299],0.009534606,0.0,0.0,0.0,0.0,0.0,0,0,0.0,0.0,0.0,0.0,0.0,0,0.56,0,0,0,0.44,0,0.0,36.17081747058825,64.31325205769232,0.2883046,0.23567733333333327,4.763196199999999
NO2,[  36.844096 -121.362121],0.016630575,0.0,0.0,0.0,0.0,0.0,0,0,0.0,0.0,0.0,0.0,0.0,0,1.0,0,0,0,0.0,0,0.0,36.17081747058825,64.31325205769232,0.2883046,0.23567733333333327,4.763196199999999
NO2,[  34.895007 -117.024484],0.026154552,0.0,0.11,0.0,0.0,0.0,0,0,0.0,0.04,0.31,0.0,0.0,0,0.0,0,0,0,0.54,0,0.0,36.17081747058825,64.31325205769232,0.2883046,0.23567733333333327,4.763196199999999
NO2,[  34.10374 -117.62914],0.048705317000000005,0.0,0.0,0.0,0.0,0.0,0,0,0.0,0.19811320754700001,0.056603773584900006,0.0,0.0,0,0.0,0,0,0,0.7452830188680001,0,0.0,36.17081747058825,64.31325205769232,0.2883046,0.23567733333333327,4.763196199999999
NO2,[  34.106122 -117.481994],0.038968026,0.0,0.0,0.0,0.0,0.0,0,0,0.0,0.109243697479,0.109243697479,0.0,0.0,0,0.176470588235,0,0,0,0.605042016807,0,0.0,36.17081747058825,64.31325205769232,0.2883046,0.23567733333333327,4.763196199999999
NO2,[  34.523329 -117.30449 ],0.017201708,0.0,0.05,0.0,0.0,0.0,0,0,0.0,0.0,0.28,0.0,0.0,0,0.0,0,0,0,0.67,0,0.0,36.17081747058825,64.31325205769232,0.2883046,0.23567733333333327,4.763196199999999
NO2,[  34.102234 -117.286709],0.050183317000000005,0.0,0.0,0.0,0.0,0.0,0,0,0.0,0.1,0.39,0.0,0.0,0,0.0,0,0,0,0.3,0,0.21,36.17081747058825,64.31325205769232,0.2883046,0.23567733333333327,4.763196199999999
NO2,[  32.79394  -116.961138],0.036107784,0.0,0.0,0.0,0.0,0.0,0,0,0.0,0.0,0.47,0.0,0.0,0,0.0,0,0,0,0.52,0,0.01,36.17081747058825,64.31325205769232,0.2883046,0.23567733333333327,4.763196199999999
NO2,[  32.631231 -117.059075],0.024855281,0.0,0.0,0.0,0.0,0.0,0,0,0.004098360655739999,0.0,0.180327868852,0.40983606557400004,0.0,0,0.0,0,0,0,0.40573770491800004,0,0.0,36.17081747058825,64.31325205769232,0.2883046,0.23567733333333327,4.763196199999999
NO2,[  32.836461 -117.128752],0.027670784,0.0,0.405940594059,0.0,0.0,0.0,0,0,0.0990099009901,0.019801980198,0.0,0.0,0.0,0,0.0,0,0,0,0.0,0,0.475247524752,36.17081747058825,64.31325205769232,0.2883046,0.23567733333333327,4.763196199999999
NO2,[  32.727273 -117.154477],0.031881581,0.0,0.0,0.0,0.0,0.0,0,0,0.0,0.191082802548,0.178343949045,0.605095541401,0.0,0,0.0,0,0,0,0.0254777070064,0,0.0,36.17081747058825,64.31325205769232,0.2883046,0.23567733333333327,4.763196199999999
NO2,[  33.127711 -117.075325],0.029114087,0.0,0.0,0.0,0.0,0.0,0,0,0.0,0.0,0.46,0.0,0.0,0,0.0,0,0,0,0.54,0,0.0,36.17081747058825,64.31325205769232,0.2883046,0.23567733333333327,4.763196199999999
NO2,[  33.196703 -117.346704],0.019486993,0.0,0.25,0.0,0.0,0.0,0,0,0.0,0.0,0.21,0.0,0.0,0,0.0,0,0,0,0.54,0,0.0,36.17081747058825,64.31325205769232,0.2883046,0.23567733333333327,4.763196199999999
NO2,[  37.784  -122.4216],0.026710834,0.0,0.0,0.0,0.0,0.0,0,0,0.0,0.01,0.86,0.0,0.0,0,0.0,0,0,0,0.13,0,0.0,36.17081747058825,64.31325205769232,0.2883046,0.23567733333333327,4.763196199999999
NO2,[  37.75493  -122.388026],0.029059066,0.0,0.0,0.0,0.0,0.0,0,0,0.0,0.0,0.0,0.38,0.0,0,0.0,0,0,0,0.0,0,0.62,36.17081747058825,64.31325205769232,0.2883046,0.23567733333333327,4.763196199999999
NO2,[  37.84826  -121.446892],0.013384211000000002,0.0,0.0,0.0,0.0,0.0,0,0,0.0,0.0,0.0,0.0,0.0,0,1.0,0,0,0,0.0,0,0.0,36.17081747058825,64.31325205769232,0.2883046,0.23567733333333327,4.763196199999999
NO2,[  37.950741 -121.268523],0.028156284,0.0,0.0,0.0,0.0,0.0,0,0,0.0,0.12,0.133333333333,0.0,0.0,0,0.0,0,0,0,0.713333333333,0,0.0333333333333,36.17081747058825,64.31325205769232,0.2883046,0.23567733333333327,4.763196199999999
NO2,[  35.283864 -120.655171],0.016548727,0.0,0.0,0.0,0.0,0.0,0,0,0.0,0.0,0.53,0.0,0.0,0,0.0,0,0,0,0.47,0,0.0,36.17081747058825,64.31325205769232,0.2883046,0.23567733333333327,4.763196199999999
NO2,[  35.041644 -120.501   ],0.009275136,0.5714285714289999,0.0285714285714,0.0,0.0,0.0,0,0,0.0,0.0,0.0,0.0,0.0,0,0.0,0,0,0,0.4,0,0.0,36.17081747058825,64.31325205769232,0.2883046,0.23567733333333327,4.763196199999999
NO2,[  37.482934 -122.20337 ],0.020579747,0.0,0.0,0.0,0.0,0.0,0,0,0.0,0.0,0.5196078431369999,0.0,0.0,0,0.0,0,0,0,0.480392156863,0,0.0,36.17081747058825,64.31325205769232,0.2883046,0.23567733333333327,4.763196199999999
NO2,[  34.419997 -119.70069 ],0.027398602999999997,0.0,0.0,0.0,0.0,0.0,0,0,0.0,0.0,0.78,0.0,0.0,0,0.0,0,0,0,0.22,0,0.0,36.17081747058825,64.31325205769232,0.2883046,0.23567733333333327,4.763196199999999
NO2,[  34.445275 -119.795139],0.018805894,0.0,0.0,0.0,0.0,0.0,0,0,0.0,0.06,0.04,0.0,0.0,0,0.03,0,0,0,0.87,0,0.0,36.17081747058825,64.31325205769232,0.2883046,0.23567733333333327,4.763196199999999
NO2,[  37.001337 -121.514939],0.022286432000000002,0.0,0.0,0.0,0.0,0.0,0,0,0.0,0.0,0.0,0.0,0.0,0,1.0,0,0,0,0.0,0,0.0,36.17081747058825,64.31325205769232,0.2883046,0.23567733333333327,4.763196199999999
NO2,[  36.98995  -121.925792],0.012079592,0.19,0.0,0.0,0.0,0.0,0,0,0.0,0.0,0.66,0.0,0.0,0,0.0,0,0,0,0.15,0,0.0,36.17081747058825,64.31325205769232,0.2883046,0.23567733333333327,4.763196199999999
NO2,[  38.14325  -121.694677],0.01447757,0.0,0.0,0.37,0.0,0.0,0,0,0.1,0.0,0.27,0.0,0.0,0,0.26,0,0,0,0.0,0,0.0,36.17081747058825,64.31325205769232,0.2883046,0.23567733333333327,4.763196199999999
NO2,[  38.102507 -122.237976],0.017801201000000003,0.0,0.0,0.0,0.0,0.0,0,0,0.0,0.0,0.37,0.0,0.0,0,0.0,0,0,0,0.63,0,0.0,36.17081747058825,64.31325205769232,0.2883046,0.23567733333333327,4.763196199999999
NO2,[  38.442412 -122.713598],0.020324566000000002,0.0,0.0,0.0,0.0,0.0,0,0,0.0,0.037037037037,0.888888888889,0.0,0.0,0,0.0,0,0,0,0.07407407407410001,0,0.0,36.17081747058825,64.31325205769232,0.2883046,0.23567733333333327,4.763196199999999
NO2,[  37.640763 -120.999378],0.033811014,0.0,0.0,0.0,0.0,0.0,0,0,0.0,0.0,0.97,0.02,0.0,0,0.0,0,0,0,0.0,0,0.01,36.17081747058825,64.31325205769232,0.2883046,0.23567733333333327,4.763196199999999
NO2,[  36.332179 -119.291228],0.025828478999999998,0.0,0.0,0.0,0.0,0.0,0,0,0.0,0.0,0.91,0.0,0.0,0,0.0,0,0,0,0.09,0,0.0,36.17081747058825,64.31325205769232,0.2883046,0.23567733333333327,4.763196199999999
NO2,[  34.278058 -118.685924],0.026405996,0.0,0.0,0.0,0.0,0.0,0,0,0.0,0.01,0.3,0.0,0.0,0,0.6,0,0,0,0.09,0,0.0,36.17081747058825,64.31325205769232,0.2883046,0.23567733333333327,4.763196199999999
NO2,[  34.274169 -119.299835],0.008422261,0.0,0.0,0.0,0.0,0.04,0,0,0.0,0.11,0.0,0.0,0.0,0,0.0,0,0,0,0.0,0,0.14,36.17081747058825,64.31325205769232,0.2883046,0.23567733333333327,4.763196199999999
NO2,[ 41.180375 -73.19289 ],0.040188136,0.0,0.0,0.0,0.0,0.0,0,0,0.0,0.0,0.58,0.14,0.0,0,0.0,0,0,0,0.28,0,0.0,36.17081747058825,64.31325205769232,0.2883046,0.23567733333333327,4.763196199999999
NO2,[ 41.186764 -73.175945],0.04113871,0.0,0.0,0.01,0.0,0.0,0,0,0.0,0.0,0.0,0.0,0.0,0,0.0,0,0,0,0.56,0,0.43,36.17081747058825,73.118666,0.2883046,0.23567733333333327,4.763196199999999
NO2,[ 41.186764 -73.175945],0.027737279,0.0,0.0,0.01,0.0,0.0,0,0,0.0,0.0,0.0,0.0,0.0,0,0.0,0,0,0,0.56,0,0.43,36.17081747058825,73.118666,0.2883046,0.23567733333333327,4.763196199999999
NO2,[ 41.399167 -73.443056],0.029138596,0.0,0.0,0.0,0.0,0.0,0,0,0.0,0.01,0.46,0.07,0.0,0,0.0,0,0,0,0.46,0,0.0,36.17081747058825,71.13440600000001,0.2883046,0.23567733333333327,4.763196199999999
NO2,[ 41.079541 -73.704852],0.027331148,0.542372881356,0.0,0.0,0.0,0.0,0,0,0.0,0.118644067797,0.0,0.127118644068,0.0,0,0.186440677966,0,0,0,0.0254237288136,0,0.0,36.17081747058825,74.246325,0.2883046,0.23567733333333327,4.763196199999999
NO2,[ 41.042875 -73.529011],0.034263933999999996,0.0,0.0,0.12,0.0,0.0,0,0,0.0,0.21,0.19,0.0,0.0,0,0.0,0,0,0,0.14,0,0.34,36.17081747058825,64.31325205769232,0.2883046,0.23567733333333327,4.763196199999999
NO2,[ 41.059541 -73.537067],0.032119672,0.0,0.0,0.0,0.0,0.0,0,0,0.0,0.0,0.69,0.0,0.0,0,0.0,0,0,0,0.31,0,0.0,36.17081747058825,73.58074,0.2883046,0.23567733333333327,4.763196199999999
NO2,[ 41.1125   -73.407222],0.040227869,0.0,0.0,0.22,0.0,0.0,0,0,0.0,0.0,0.19666666666700003,0.07,0.0,0,0.0,0,0,0,0.386666666667,0,0.126666666667,36.17081747058825,64.31325205769232,0.2883046,0.23567733333333327,4.763196199999999
NO2,[ 41.197875 -73.132054],0.038112069,0.0,0.0,0.0,0.0,0.0,0,0,0.0,0.0,0.55,0.06,0.0,0,0.0,0,0,0,0.39,0,0.0,36.17081747058825,64.31325205769232,0.2883046,0.23567733333333327,4.763196199999999
NO2,[ 41.998707 -72.571754],0.026777049,0.011764705882399999,0.0,0.0,0.0,0.0,0,0,0.0,0.258823529412,0.341176470588,0.0,0.0,0,0.011764705882399999,0,0,0,0.376470588235,0,0.0,36.17081747058825,70.417537,0.2883046,0.23567733333333327,4.763196199999999
NO2,[ 41.673431 -72.947881],0.025716949,0.0,0.0,0.0,0.0,0.0,0,0,0.0,0.0,0.58,0.0,0.0,0,0.0,0,0,0,0.42,0,0.0,36.17081747058825,64.31325205769232,0.2883046,0.23567733333333327,4.763196199999999
NO2,[ 41.761211 -72.678426],0.029068487999999996,0.0,0.0,0.0,0.0,0.0,0,0,0.0,0.03,0.9,0.0,0.0,0,0.0,0,0,0,0.07,0,0.0,36.17081747058825,73.271055,0.2883046,0.23567733333333327,4.763196199999999
NO2,[ 41.761211 -72.678426],0.03887069,0.0,0.0,0.0,0.0,0.0,0,0,0.0,0.03,0.9,0.0,0.0,0,0.0,0,0,0,0.07,0,0.0,36.17081747058825,73.271055,0.2883046,0.23567733333333327,4.763196199999999
NO2,[ 41.761489 -72.674259],0.041672414,0.0,0.0,0.0,0.0,0.0,0,0,0.0,0.04,0.84,0.0,0.0,0,0.0,0,0,0,0.0,0,0.12,36.17081747058825,64.31325205769232,0.2883046,0.23567733333333327,4.763196199999999
NO2,[ 41.667599 -72.788986],0.029710168999999998,0.0,0.0,0.0,0.0,0.0,0,0,0.0,0.23076923076900002,0.0,0.0,0.0,0,0.0,0,0,0,0.530769230769,0,0.238461538462,36.17081747058825,73.29454799999998,0.2883046,0.23567733333333327,4.763196199999999
NO2,[ 41.800375 -73.116499],0.026185246000000002,0.0,0.0,0.0,0.0,0.0,0,0,0.0,0.0,0.77,0.01,0.0,0,0.0,0,0,0,0.22,0,0.0,36.17081747058825,64.31325205769232,0.2883046,0.23567733333333327,4.763196199999999
NO2,[ 41.310833 -72.916944],0.034391525,0.0,0.0,0.0,0.0,0.0,0,0,0.0,0.0,0.196825396825,0.247619047619,0.0,0,0.0,0,0,0,0.311111111111,0,0.24444444444400001,36.17081747058825,74.400421,0.2883046,0.23567733333333327,4.763196199999999
NO2,[ 41.53732  -72.794543],0.029622807,0.0,0.0,0.0,0.0,0.0,0,0,0.0,0.0,0.42,0.0,0.0,0,0.0,0,0,0,0.47,0,0.11,36.17081747058825,64.31325205769232,0.2883046,0.23567733333333327,4.763196199999999
NO2,[ 41.550556 -73.043611],0.038277049,0.0,0.0,0.0,0.0,0.0,0,0,0.0,0.1,0.31,0.11,0.0,0,0.0,0,0,0,0.06,0,0.42,36.17081747058825,71.079312,0.2883046,0.23567733333333327,4.763196199999999
NO2,[ 41.523154 -72.075355],0.026342373,0.06,0.0,0.31,0.0,0.0,0,0,0.0,0.0,0.356666666667,0.0,0.0,0,0.0,0,0,0,0.256666666667,0,0.0166666666667,36.17081747058825,64.31325205769232,0.2883046,0.23567733333333327,4.763196199999999
NO2,[ 39.757891 -75.546034],0.034320187,0.0,0.0,0.0,0.0,0.0,0,0,0.0,0.19,0.11,0.1,0.0,0,0.0,0,0,0,0.6,0,0.0,36.17081747058825,64.31325205769232,0.2883046,0.23567733333333327,4.763196199999999
NO2,[ 39.812335 -75.455196],0.026553785,0.0,0.0,0.0,0.0,0.0,0,0,0.01,0.0,0.16,0.41,0.0,0,0.0,0,0,0,0.27,0,0.15,36.17081747058825,64.31325205769232,0.2883046,0.23567733333333327,4.763196199999999
NO2,[ 29.658023 -82.410107],0.012946939,0.306930693069,0.0,0.0,0.0,0.0,0,0,0.0,0.0,0.49504950495,0.0,0.0,0,0.0,0,0,0,0.19801980198,0,0.0,36.17081747058825,64.31325205769232,0.2883046,0.23567733333333327,4.763196199999999
NO2,[ 29.658023 -82.330383],0.018242857,0.0,0.0,0.0,0.0,0.0,0,0,0.0,0.0076335877862600005,0.503816793893,0.0,0.0,0,0.0,0,0,0,0.48854961832099997,0,0.0,36.17081747058825,64.31325205769232,0.2883046,0.23567733333333327,4.763196199999999
NO2,[ 30.207145 -85.684373],0.008824561,0.0,0.0,0.0,0.0,0.0,0,0,0.0,0.09,0.0,0.65,0.0,0,0.0,0,0,0,0.26,0,0.0,36.17081747058825,64.31325205769232,0.2883046,0.23567733333333327,4.763196199999999
NO2,[ 28.511389 -80.794499],0.005737143,0.11,0.04,0.0,0.0,0.0,0,0,0.0,0.0,0.36,0.49,0.0,0,0.0,0,0,0,0.0,0,0.0,36.17081747058825,64.31325205769232,0.2883046,0.23567733333333327,4.763196199999999
NO2,[ 28.46889  -80.797555],0.005525,0.0,0.0,0.0,0.0,0.0,0,0,1.0,0.0,0.0,0.0,0.0,0,0.0,0,0,0,0.0,0,0.0,36.17081747058825,64.31325205769232,0.2883046,0.23567733333333327,4.763196199999999
NO2,[ 28.473057 -80.717831],0.0038465120000000003,0.0,0.16,0.19,0.08,0.0,0,0,0.0,0.0,0.0,0.0,0.0,0,0.57,0,0,0,0.0,0,0.0,36.17081747058825,64.31325205769232,0.2883046,0.23567733333333327,4.763196199999999
NO2,[ 26.059811 -80.20727 ],0.015984746,0.03,0.0,0.0,0.0,0.0,0,0,0.0,0.0,0.0,0.0,0.15,0,0.13,0,0,0,0.69,0,0.0,36.17081747058825,64.31325205769232,0.2883046,0.23567733333333327,4.763196199999999
NO2,[ 26.073144 -80.16949 ],0.018139683,0.0,0.0,0.0,0.0,0.0,0,0,0.0,0.11,0.04,0.19,0.0,0,0.0,0,0,0,0.66,0,0.0,36.17081747058825,64.31325205769232,0.2883046,0.23567733333333327,4.763196199999999
NO2,[ 26.099809 -80.108655],0.010953333,0.0,0.0,0.0,0.0,0.0,0,0,0.0,0.0,0.05,0.0,0.0,0,0.0,0,0,0,0.82,0,0.0,36.17081747058825,64.31325205769232,0.2883046,0.23567733333333327,4.763196199999999
NO2,[ 26.083143 -80.237586],0.016288888999999997,0.0,0.0,0.0,0.0,0.0,0,0,0.0,0.0,0.99,0.0,0.0,0,0.01,0,0,0,0.0,0,0.0,36.17081747058825,64.31325205769232,0.2883046,0.23567733333333327,4.763196199999999
NO2,[ 26.129531 -80.168379],0.026886792000000003,0.0,0.0,0.0,0.0,0.0,0,0,0.0,0.0280373831776,0.0373831775701,0.0,0.0,0,0.0,0,0,0,0.934579439252,0,0.0,36.17081747058825,64.31325205769232,0.2883046,0.23567733333333327,4.763196199999999
NO2,[ 26.103421 -80.148101],0.014097561000000002,0.0,0.0,0.0,0.0,0.0,0,0,0.0,0.0,0.1,0.0,0.0,0,0.0,0,0,0,0.9,0,0.0,36.17081747058825,64.31325205769232,0.2883046,0.23567733333333327,4.763196199999999
NO2,[ 26.172029 -80.203658],0.018728814,0.0,0.0,0.0,0.0,0.0,0,0,0.0,0.1,0.07,0.0,0.0,0,0.0,0,0,0,0.83,0,0.0,36.17081747058825,64.31325205769232,0.2883046,0.23567733333333327,4.763196199999999
NO2,[ 26.015646 -80.247827],0.017962963000000002,0.0,0.0,0.0,0.0,0.0,0,0,0.0,0.0,0.13,0.0,0.0,0,0.32,0,0,0,0.49,0,0.06,36.17081747058825,64.31325205769232,0.2883046,0.23567733333333327,4.763196199999999
NO2,[ 26.918395 -82.002866],0.002825,0.541176470588,0.0235294117647,0.0,0.0,0.0,0,0,0.0,0.0,0.0,0.152941176471,0.0,0,0.282352941176,0,0,0,0.0,0,0.0,36.17081747058825,64.31325205769232,0.2883046,0.23567733333333327,4.763196199999999
NO2,[ 26.128425 -81.766754],0.007373913,0.0,0.0,0.0,0.0,0.0,0,0,0.3,0.0,0.15,0.19,0.0,0,0.01,0,0,0,0.35,0,0.0,36.17081747058825,64.31325205769232,0.2883046,0.23567733333333327,4.763196199999999
NO2,[ 30.356339 -81.635396],0.017387264,0.0,0.0,0.0,0.0,0.0,0,0,0.0,0.0,0.0,0.03,0.0,0,0.0,0,0,0,0.93,0,0.04,36.17081747058825,64.31325205769232,0.2883046,0.23567733333333327,4.763196199999999
NO2,[ 30.238288 -81.670119],0.014879828000000001,0.0,0.0,0.05,0.0,0.0,0,0,0.0,0.0,0.95,0.0,0.0,0,0.0,0,0,0,0.0,0,0.0,36.17081747058825,64.31325205769232,0.2883046,0.23567733333333327,4.763196199999999
NO2,[ 30.457461 -81.534258],0.007622451999999999,0.34,0.0,0.0,0.05,0.0,0,0,0.0,0.0,0.0,0.0,0.0,0,0.35,0,0,0,0.26,0,0.0,60.741851000000004,65.73236,0.2883046,0.23567733333333327,4.763196199999999
NO2,[ 30.550195 -87.26664 ],0.009688525,0.11,0.0,0.0,0.0,0.0,0,0,0.0,0.0,0.27,0.0,0.0,0,0.49,0,0,0,0.13,0,0.0,36.17081747058825,64.31325205769232,0.2883046,0.23567733333333327,4.763196199999999
NO2,[ 30.549084 -87.218582],0.009316666999999999,0.11,0.0,0.0,0.0,0.0,0,0,0.0,0.0,0.89,0.0,0.0,0,0.0,0,0,0,0.0,0,0.0,36.17081747058825,64.31325205769232,0.2883046,0.23567733333333327,4.763196199999999
NO2,[ 26.828673 -81.094234],0.01083,0.0,0.0,0.0,0.0,0.0,0,0,0.0,0.0,0.0,0.0,0.0,0,0.636942675159,0,0,0,0.363057324841,0,0.0,36.17081747058825,64.31325205769232,0.2883046,0.23567733333333327,4.763196199999999
NO2,[ 26.753953 -80.938676],0.008352380999999999,0.0,0.0,0.0,0.0,0.0,0,0,0.0,0.0,0.43,0.0,0.0,0,0.1,0,0,0,0.47,0,0.0,36.17081747058825,64.31325205769232,0.2883046,0.23567733333333327,4.763196199999999
NO2,[ 27.507536 -81.441463],0.006969565,0.0,0.0,0.03,0.0,0.0,0,0,0.0,0.0,0.0,0.0,0.0,0,0.16,0,0,0,0.81,0,0.0,36.17081747058825,64.31325205769232,0.2883046,0.23567733333333327,4.763196199999999
NO2,[ 27.943634 -82.276202],0.013068966000000001,0.0,0.0,0.0,0.0,0.0,0,0,0.0,0.0,0.13,0.0,0.0,0,0.26,0,0,0,0.61,0,0.0,36.17081747058825,64.31325205769232,0.2883046,0.081818,4.763196199999999
NO2,[ 27.920578 -82.446206],0.017314815,0.0,0.0,0.549019607843,0.0,0.0,0,0,0.0,0.0,0.0,0.20261437908500002,0.0,0,0.0,0,0,0,0.143790849673,0,0.104575163399,36.17081747058825,64.31325205769232,0.2883046,0.23567733333333327,4.763196199999999
NO2,[ 27.88669  -82.481206],0.016509091,0.0,0.0,0.42,0.0,0.0,0,0,0.0,0.0,0.05,0.0,0.0,0,0.0,0,0,0,0.53,0,0.0,36.17081747058825,64.31325205769232,0.2883046,0.23567733333333327,4.763196199999999
NO2,[ 27.945855 -82.505096],0.033326923,0.0,0.0,0.0,0.0,0.0,0,0,0.0,0.0,0.44117647058799997,0.0,0.0,0,0.0,0,0,0,0.558823529412,0,0.0,36.17081747058825,64.31325205769232,0.2883046,0.23567733333333327,4.763196199999999
NO2,[ 27.974187 -82.517318],0.023053571000000002,0.0,0.0,0.0,0.0,0.0,0,0,0.0,0.0,0.01,0.68,0.0,0,0.0,0,0,0,0.31,0,0.0,36.17081747058825,64.31325205769232,0.2883046,0.23567733333333327,4.763196199999999
NO2,[ 27.961132 -82.438427],0.019967468999999998,0.0,0.0,0.0,0.0,0.0,0,0,0.33,0.0,0.62,0.01,0.0,0,0.0,0,0,0,0.04,0,0.0,36.17081747058825,64.31325205769232,0.2883046,0.23567733333333327,4.763196199999999
NO2,[ 26.651461 -81.866475],0.0066104169999999995,0.0,0.0,0.89,0.0,0.0,0,0,0.0,0.0,0.0,0.0,0.0,0,0.0,0,0,0,0.11,0,0.0,36.17081747058825,64.31325205769232,0.2883046,0.23567733333333327,4.763196199999999
NO2,[ 27.043942 -80.481442],0.005185246,0.0,0.41,0.0,0.0,0.0,0,0,0.0,0.0,0.0,0.0,0.0,0,0.43,0,0,0,0.16,0,0.0,36.17081747058825,64.31325205769232,0.2883046,0.23567733333333327,4.763196199999999
NO2,[ 25.447612 -80.444779],0.004225,0.18,0.0,0.0,0.0,0.0,0,0,0.0,0.0,0.0,0.0,0.0,0,0.82,0,0,0,0.0,0,0.0,36.17081747058825,64.31325205769232,0.2883046,0.23567733333333327,4.763196199999999
NO2,[ 25.447611 -80.368666],0.005743103,0.529100529101,0.0,0.0,0.470899470899,0.0,0,0,0.0,0.0,0.0,0.0,0.0,0,0.0,0,0,0,0.0,0,0.0,36.17081747058825,64.31325205769232,0.2883046,0.23567733333333327,4.763196199999999
NO2,[ 28.551112 -81.345347],0.021826316000000002,0.0,0.0,0.0,0.0,0.0,0,0,0.0,0.0,0.19,0.68,0.0,0,0.0,0,0,0,0.13,0,0.0,36.17081747058825,64.31325205769232,0.2883046,0.23567733333333327,4.763196199999999
NO2,[ 26.715064 -80.062542],0.013055115,0.0,0.0,0.42,0.0,0.0,0,0,0.0,0.0,0.51,0.0,0.0,0,0.0,0,0,0,0.07,0,0.0,36.17081747058825,73.72654200000002,0.2883046,0.23567733333333327,4.763196199999999
NO2,[ 26.763674 -80.062542],0.010476289,0.0,0.0,0.0,0.0,0.0,0,0,0.0,0.324324324324,0.0337837837838,0.0,0.0,0,0.0,0,0,0,0.641891891892,0,0.0,36.17081747058825,64.31325205769232,0.2883046,0.23567733333333327,4.763196199999999
NO2,[ 26.770897 -80.083931],0.010880768999999998,0.0,0.0,0.0,0.0,0.0,0,0,0.0,0.6,0.13,0.0,0.0,0,0.0,0,0,0,0.12,0,0.15,36.17081747058825,64.31325205769232,0.2883046,0.23567733333333327,4.763196199999999
NO2,[ 27.946688 -82.731767],0.013737036999999999,0.0,0.0,0.0,0.0,0.0,0,0,0.0,0.05,0.14,0.0,0.0,0,0.0,0,0,0,0.81,0,0.0,36.17081747058825,64.31325205769232,0.2883046,0.23567733333333327,4.763196199999999
NO2,[ 27.785866 -82.739875],0.015761077,0.0,0.0,0.0,0.0,0.0,0,0,0.0,0.0,0.392523364486,0.0,0.0,0,0.0,0,0,0,0.607476635514,0,0.0,36.17081747058825,64.31325205769232,0.2883046,0.23567733333333327,4.763196199999999
NO2,[ 27.785866 -82.739875],0.017253333,0.0,0.0,0.0,0.0,0.0,0,0,0.0,0.0,0.392523364486,0.0,0.0,0,0.0,0,0,0,0.607476635514,0,0.0,36.17081747058825,64.31325205769232,0.2883046,0.23567733333333327,4.763196199999999
NO2,[ 27.863635 -82.623153],0.013333333000000001,0.0,0.0,0.12,0.55,0.0,0,0,0.0,0.0,0.25,0.0,0.0,0,0.03,0,0,0,0.05,0,0.0,36.17081747058825,64.31325205769232,0.2883046,0.23567733333333327,4.763196199999999
NO2,[ 27.8928   -82.791492],0.018190908999999998,0.0,0.0,0.0,0.0,0.0,0,0,0.0,0.0,0.0,0.0,0.0,0,0.137931034483,0,0,0,0.862068965517,0,0.0,36.17081747058825,64.31325205769232,0.2883046,0.23567733333333327,4.763196199999999
NO2,[ 28.050295 -82.771768],0.013325,0.27,0.0,0.0,0.04,0.0,0,0,0.0,0.01,0.0,0.0,0.0,0,0.27,0,0,0,0.41,0,0.0,36.17081747058825,64.31325205769232,0.2883046,0.23567733333333327,4.763196199999999
NO2,[ 28.090299 -82.700707],0.007938596,0.0,0.0,0.01,0.27,0.0,0,0,0.0,0.0,0.0,0.0,0.0,0,0.47,0,0,0,0.25,0,0.0,36.17081747058825,64.31325205769232,0.2883046,0.23567733333333327,4.763196199999999
NO2,[ 28.163902 -82.773713],0.007371666999999999,0.0,0.0,0.42,0.0,0.0,0,0,0.0,0.0,0.0,0.0,0.0,0,0.0,0,0,0,0.31,0,0.27,36.17081747058825,64.31325205769232,0.2883046,0.23567733333333327,4.763196199999999
NO2,[ 27.88086  -81.828693],0.012755357,0.0,0.0,0.0,0.0,0.0,0,0,0.0,0.0,0.125,0.0,0.0,0,0.23,0,0,0,0.63,0,0.015,36.17081747058825,64.31325205769232,0.2883046,0.23567733333333327,4.763196199999999
NO2,[ 27.82975  -81.933973],0.0037,0.0,1.0,0.0,0.0,0.0,0,0,0.0,0.0,0.0,0.0,0.0,0,0.0,0,0,0,0.0,0,0.0,36.17081747058825,64.31325205769232,0.2883046,0.23567733333333327,4.763196199999999
NO2,[ 27.892804 -81.965084],0.012166666999999999,0.0,0.0,0.0,0.0,0.0,0,0,0.0,0.0,0.0916030534351,0.0,0.763358778626,0,0.0,0,0,0,0.145038167939,0,0.0,36.17081747058825,64.31325205769232,0.2883046,0.23567733333333327,4.763196199999999
NO2,[ 28.091407 -81.941471],0.014966,0.0,0.0,0.231481481481,0.0,0.0,0,0,0.768518518519,0.0,0.0,0.0,0.0,0,0.0,0,0,0,0.0,0,0.0,36.17081747058825,64.31325205769232,0.2883046,0.23567733333333327,4.763196199999999
NO2,[ 30.951572 -87.150803],0.007616667,0.0,0.0,0.0,0.0,0.0,0,0,0.0,0.0,0.2,0.0,0.0,0,0.52,0,0,0,0.28,0,0.0,36.17081747058825,64.31325205769232,0.2883046,0.23567733333333327,4.763196199999999
NO2,[ 30.951572 -87.150803],0.009393443000000001,0.0,0.0,0.0,0.0,0.0,0,0,0.0,0.0,0.2,0.0,0.0,0,0.52,0,0,0,0.28,0,0.0,36.17081747058825,64.31325205769232,0.2883046,0.23567733333333327,4.763196199999999
NO2,[ 28.812214 -81.323121],0.013397826000000002,0.1,0.0,0.0,0.0,0.0,0,0,0.0,0.0,0.0,0.0,0.0,0,0.9,0,0,0,0.0,0,0.0,36.17081747058825,64.31325205769232,0.2883046,0.23567733333333327,4.763196199999999
NO2,[ 27.451984 -80.329216],0.01347381,0.0,0.0,0.0,0.0,0.0,0,0,0.0,0.0,0.06,0.0,0.0,0,0.0,0,0,0,0.78,0,0.16,36.17081747058825,64.31325205769232,0.2883046,0.23567733333333327,4.763196199999999
NO2,[ 28.865268 -81.317565],0.011988235,0.393700787402,0.0,0.0,0.0,0.0,0,0,0.0,0.0,0.0,0.0,0.0,0,0.606299212598,0,0,0,0.0,0,0.0,36.17081747058825,64.31325205769232,0.2883046,0.23567733333333327,4.763196199999999
NO2,[ 32.777455 -83.641096],0.018923077,0.0,0.0,0.0,0.0,0.0,0,0,0.0,0.0,0.0,0.0,0.0,0,0.0,0,0,0,0.0,0,1.0,36.17081747058825,64.31325205769232,0.2883046,0.23567733333333327,4.763196199999999
NO2,[ 32.141593 -81.159557],0.014421568999999999,0.697247706422,0.0,0.0,0.0,0.0,0,0,0.0,0.0917431192661,0.0,0.0,0.0,0,0.0,0,0,0,0.211009174312,0,0.0,36.17081747058825,64.31325205769232,0.2883046,0.23567733333333327,4.763196199999999
NO2,[ 31.552674 -84.169352],0.016160417,0.02,0.0,0.0,0.0,0.0,0,0,0.0,0.0,0.435,0.0,0.0,0,0.07,0,0,0,0.14,0,0.335,36.17081747058825,64.31325205769232,0.2883046,0.23567733333333327,4.763196199999999
NO2,[ 34.259538 -85.178562],0.021661537999999998,0.0,0.0,0.0,0.0,0.0,0,0,0.0,0.13,0.3,0.0,0.0,0,0.0,0,0,0,0.37,0,0.2,36.17081747058825,64.31325205769232,0.2883046,0.23567733333333327,4.763196199999999
NO2,[ 33.752625 -84.383325],0.032110152999999995,0.0,0.0,0.0,0.0,0.0,0,0,0.0,0.0,0.48,0.52,0.0,0,0.0,0,0,0,0.0,0,0.0,36.17081747058825,64.31325205769232,0.2883046,0.23567733333333327,4.763196199999999
NO2,[ 33.770662 -84.387427],0.031130612000000002,0.0,0.0,0.0,0.0,0.0,0,0,0.0,0.0,0.3675,0.5,0.0,0,0.105,0,0,0,0.0,0,0.0275,36.17081747058825,64.31325205769232,0.2883046,0.23567733333333327,4.763196199999999
NO2,[ 33.803162 -84.471041],0.021781579,0.175,0.0,0.0,0.0,0.0,0,0,0.0,0.0,0.1,0.5,0.0,0,0.0,0,0,0,0.195,0,0.03,36.17081747058825,64.31325205769232,0.2883046,0.23567733333333327,4.763196199999999
NO2,[ 33.80233  -84.435576],0.020720455,0.0,0.0,0.0,0.0,0.0,0,0,0.0,0.005,0.0175,0.71,0.0,0,0.0,0,0,0,0.25,0,0.0175,36.17081747058825,64.31325205769232,0.2883046,0.23567733333333327,4.763196199999999
NO2,[ 33.652609 -84.383537],0.015556757,0.25,0.0,0.0,0.0,0.0,0,0,0.0,0.0,0.0775,0.5,0.0,0,0.0,0,0,0,0.035,0,0.1375,36.17081747058825,64.31325205769232,0.2883046,0.23567733333333327,4.763196199999999
NO2,[ 31.180893 -81.504622],0.0136,0.0,0.0,0.0,0.0,0.0,0,0,0.0,0.0,0.11,0.0,0.0,0,0.0,0,0,0,0.85,0,0.04,36.17081747058825,64.31325205769232,0.2883046,0.23567733333333327,4.763196199999999
NO2,[ 30.862423 -83.284597],0.017165217,0.0,0.0,0.0,0.0,0.0,0,0,0.0,0.03,0.78,0.0,0.0,0,0.0,0,0,0,0.19,0,0.0,36.17081747058825,64.31325205769232,0.2883046,0.23567733333333327,4.763196199999999
NO2,[ 32.455976 -84.937153],0.020508000000000002,0.0,0.0,0.0,0.0,0.0,0,0,0.0,0.02,0.0,0.0,0.0,0,0.0,0,0,0,0.98,0,0.0,36.17081747058825,64.31325205769232,0.2883046,0.23567733333333327,4.763196199999999
NO2,[ 33.459305 -81.938448],0.025487755,0.0,0.0,0.0,0.0,0.0,0,0,0.0,0.15652173912999998,0.2,0.0,0.0,0,0.0,0,0,0,0.6434782608699999,0,0.0,36.17081747058825,64.31325205769232,0.2883046,0.23567733333333327,4.763196199999999
NO2,[ 34.97889 -85.30098],0.01994375,0.5,0.0,0.0,0.0,0.0,0,0,0.0,0.0,0.06,0.0,0.0,0,0.0,0,0,0,0.44,0,0.0,36.17081747058825,64.31325205769232,0.2883046,0.23567733333333327,4.763196199999999
NO2,[ 41.876977 -87.629496],0.052589286,0.0,0.0,0.0,0.0,0.0,0,0,0.08,0.0,0.92,0.0,0.0,0,0.0,0,0,0,0.0,0,0.0,36.17081747058825,64.31325205769232,0.2883046,0.23567733333333327,4.763196199999999
NO2,[ 41.747255 -87.731996],0.040055556,0.0,0.0,0.0,0.0,0.0,0,0,0.0,0.0,0.056603773584900006,0.471698113208,0.0,0,0.0,0,0,0,0.471698113208,0,0.0,36.17081747058825,64.31325205769232,0.2883046,0.23567733333333327,4.763196199999999
NO2,[ 41.935309 -87.782281],0.039254545,0.0,0.0,0.0,0.0,0.0,0,0,0.0,0.0,0.08675799086760001,0.456621004566,0.0,0,0.0,0,0,0,0.456621004566,0,0.0,36.17081747058825,64.31325205769232,0.2883046,0.23567733333333327,4.763196199999999
NO2,[ 41.904477 -87.637275],0.045711111,0.0,0.0,0.0,0.0,0.0,0,0,0.0,0.0,0.75,0.0,0.0,0,0.0,0,0,0,0.25,0,0.0,36.17081747058825,64.31325205769232,0.2883046,0.23567733333333327,4.763196199999999
NO2,[ 41.697813 -87.531711],0.035888889,0.0,0.0,0.0,0.0,0.0,0,0,0.0,0.0,0.0,0.0,0.0,0,0.0,0,0,0,1.0,0,0.0,36.17081747058825,64.31325205769232,0.2883046,0.23567733333333327,4.763196199999999
NO2,[ 41.755832 -87.54535 ],0.028490196000000002,0.0,0.0,0.23,0.0,0.0,0,0,0.0,0.72,0.04,0.0,0.0,0,0.0,0,0,0,0.0,0,0.01,36.17081747058825,64.31325205769232,0.2883046,0.23567733333333327,4.763196199999999
NO2,[ 41.885032 -87.762557],0.052365385,0.0,0.0,0.0,0.0,0.0,0,0,0.0,0.0322580645161,0.322580645161,0.460829493088,0.0,0,0.0,0,0,0,0.18433179723499998,0,0.0,36.17081747058825,64.31325205769232,0.2883046,0.23567733333333327,4.763196199999999
NO2,[ 41.979476 -87.670057],0.051160714,0.0,0.0,0.0,0.0,0.0,0,0,0.0,0.0,0.0825688073394,0.0,0.0,0,0.0,0,0,0,0.917431192661,0,0.0,36.17081747058825,64.31325205769232,0.2883046,0.23567733333333327,4.763196199999999
NO2,[ 41.922533 -87.633665],0.033227437,0.0,0.0,0.07,0.0,0.0,0,0,0.0,0.61,0.2,0.12,0.0,0,0.0,0,0,0,0.0,0,0.0,36.17081747058825,64.31325205769232,0.2883046,0.23567733333333327,4.763196199999999
NO2,[ 41.907811 -87.644221],0.044836364000000004,0.0,0.0,0.0,0.0,0.0,0,0,0.0,0.0,0.57,0.0,0.0,0,0.0,0,0,0,0.29,0,0.14,36.17081747058825,64.31325205769232,0.2883046,0.23567733333333327,4.763196199999999
NO2,[ 41.616424 -87.557822],0.026596724,0.44,0.0,0.0,0.0,0.0,0,0,0.0,0.0,0.25,0.0,0.0,0,0.0,0,0,0,0.31,0,0.0,36.17081747058825,64.31325205769232,0.2883046,0.23567733333333327,6.8286539999999984
NO2,[ 41.984332 -87.792002],0.043125,0.0,0.0,0.0,0.0,0.0,0,0,0.0,0.0,0.22834645669300002,0.314960629921,0.0,0,0.0,0,0,0,0.45669291338600004,0,0.0,36.17081747058825,64.31325205769232,0.2883046,0.23567733333333327,4.763196199999999
NO2,[ 41.545034 -87.694491],0.045366667,0.0,0.0,0.0,0.0,0.0,0,0,0.12,0.37,0.3,0.0,0.0,0,0.0,0,0,0,0.21,0,0.0,36.17081747058825,64.31325205769232,0.2883046,0.23567733333333327,4.763196199999999
NO2,[ 41.888365 -87.798392],0.052533333,0.0,0.0,0.0,0.0,0.0,0,0,0.0,0.0,0.444444444444,0.48309178744,0.0,0,0.0,0,0,0,0.0724637681159,0,0.0,36.17081747058825,64.31325205769232,0.2883046,0.23567733333333327,4.763196199999999
NO2,[ 41.605312 -87.649213],0.046555556,0.0,0.0,0.0,0.0,0.0,0,0,0.0,0.0,0.02,0.5,0.0,0,0.0,0,0,0,0.48,0,0.0,36.17081747058825,64.31325205769232,0.2883046,0.23567733333333327,4.763196199999999
NO2,[ 41.868087 -87.899784],0.049733333,0.0,0.0,0.0,0.0,0.0,0,0,0.0,0.105,0.35,0.5,0.0,0,0.0,0,0,0,0.045,0,0.0,36.17081747058825,64.31325205769232,0.2883046,0.23567733333333327,4.763196199999999
NO2,[ 41.662109 -87.696467],0.04705,0.0,0.0,0.0,0.0,0.0,0,0,0.0,0.0,0.305,0.5,0.035,0,0.04,0,0,0,0.12,0,0.0,36.17081747058825,64.31325205769232,0.2883046,0.23567733333333327,4.763196199999999
NO2,[ 41.87392  -87.849504],0.03455667,0.0,0.0,0.0,0.0,0.0,0,0,0.0,0.0,0.08465608465610001,0.529100529101,0.0,0,0.0,0,0,0,0.354497354497,0,0.031746031746,36.17081747058825,64.31325205769232,0.2883046,0.23567733333333327,4.873176
NO2,[ 41.519479 -87.682824],0.069333333,0.0,0.0,0.0,0.0,0.0,0,0,0.0,0.34,0.16,0.0,0.0,0,0.0,0,0,0,0.24,0,0.26,36.17081747058825,64.31325205769232,0.2883046,0.23567733333333327,4.763196199999999
NO2,[ 41.605868 -87.542543],0.042616667000000004,0.02,0.0,0.0,0.0,0.0,0,0,0.0,0.77,0.0,0.0,0.0,0,0.0,0,0,0,0.21,0,0.0,36.17081747058825,64.31325205769232,0.2883046,0.23567733333333327,4.763196199999999
NO2,[ 41.782766 -87.805377],0.050366667000000004,0.0,0.0,0.0,0.0,0.0,0,0,0.0,0.0,0.325301204819,0.401606425703,0.0,0,0.0,0,0,0,0.273092369478,0,0.0,36.17081747058825,64.31325205769232,0.2883046,0.23567733333333327,4.763196199999999
NO2,[ 41.514757 -87.645044],0.022667667000000002,0.0,0.0,0.0,0.0,0.0,0,0,0.0,0.0,0.64,0.0,0.0,0,0.0,0,0,0,0.36,0,0.0,36.17081747058825,64.31325205769232,0.2883046,0.23567733333333327,6.495938
NO2,[ 41.514757 -87.645044],0.044633333,0.0,0.0,0.0,0.0,0.0,0,0,0.0,0.0,0.64,0.0,0.0,0,0.0,0,0,0,0.36,0,0.0,36.17081747058825,64.31325205769232,0.2883046,0.23567733333333327,6.495938
NO2,[ 41.859754 -87.750334],0.0597,0.0,0.0,0.0,0.0,0.0,0,0,0.0,0.0,0.0,0.5,0.0,0,0.0,0,0,0,0.495,0,0.005,36.17081747058825,64.31325205769232,0.2883046,0.23567733333333327,4.763196199999999
NO2,[ 42.047807 -87.798119],0.050844827999999995,0.0,0.0,0.0,0.0,0.0,0,0,0.0,0.0,0.51,0.0,0.0,0,0.0,0,0,0,0.49,0,0.0,36.17081747058825,64.31325205769232,0.2883046,0.23567733333333327,4.763196199999999
NO2,[ 42.060029 -87.752561],0.039667348,0.0,0.0,0.0,0.0,0.0,0,0,0.0,0.0,0.19,0.05,0.0,0,0.0,0,0,0,0.37,0,0.39,36.17081747058825,64.31325205769232,0.2883046,0.23567733333333327,7.4298699999999975
NO2,[ 42.060029 -87.752561],0.044633333,0.0,0.0,0.0,0.0,0.0,0,0,0.0,0.0,0.19,0.05,0.0,0,0.0,0,0,0,0.37,0,0.39,36.17081747058825,64.31325205769232,0.2883046,0.23567733333333327,7.4298699999999975
NO2,[ 42.078085 -87.702838],0.044783333,0.0,0.0,0.0,0.0,0.0,0,0,0.0,0.0,0.46,0.0,0.0,0,0.0,0,0,0,0.54,0,0.0,36.17081747058825,64.31325205769232,0.2883046,0.23567733333333327,4.763196199999999
NO2,[ 42.02114  -87.907566],0.053962962999999996,0.0,0.0,0.0,0.0,0.0,0,0,0.0,0.0,0.02,0.0,0.0,0,0.0,0,0,0,0.29,0,0.69,36.17081747058825,64.31325205769232,0.2883046,0.23567733333333327,4.763196199999999
NO2,[ 44.097573 -70.215055],0.019043478,0.0,0.0,0.0,0.0,0.0,0,0,0.0,0.0,0.425,0.0,0.0,0,0.0,0,0,0,0.37,0,0.205,36.17081747058825,64.31325205769232,0.2883046,0.23567733333333327,4.763196199999999
NO2,[ 46.686153 -67.995305],0.005692308,0.0,0.0,0.0,0.0,0.0,0,0,0.0,0.0,0.33333333333299997,0.0,0.0,0,0.666666666667,0,0,0,0.0,0,0.0,36.17081747058825,64.31325205769232,0.2883046,0.23567733333333327,4.763196199999999
NO2,[ 43.658693 -70.259771],0.019365854,0.0,0.0,0.0,0.0,0.0,0,0,0.0,0.0,0.8,0.03,0.0,0,0.0,0,0,0,0.07,0,0.1,36.17081747058825,64.31325205769232,0.2883046,0.23567733333333327,4.763196199999999
NO2,[ 43.659804 -70.260882],0.013544892,0.0,0.0,0.0,0.0,0.0,0,0,0.0,0.0,0.69,0.0,0.0,0,0.0,0,0,0,0.08,0,0.23,36.17081747058825,64.31325205769232,0.2883046,0.23567733333333327,4.763196199999999
NO2,[ 44.316179 -69.767545],0.020608696,0.0,0.0,0.19,0.0,0.0,0,0,0.0,0.0,0.58,0.0,0.0,0,0.0,0,0,0,0.19,0,0.04,36.17081747058825,64.31325205769232,0.2883046,0.23567733333333327,4.763196199999999
NO2,[ 39.652588 -78.762519],0.022858332999999998,0.0,0.0,0.03,0.0,0.0,0,0,0.0,0.0,0.46,0.16,0.0,0,0.0,0,0,0,0.26,0,0.09,36.17081747058825,64.31325205769232,0.2883046,0.23567733333333327,4.763196199999999
NO2,[ 38.982056 -76.504405],0.021460417000000002,0.0,0.0,0.0,0.0,0.0,0,0,0.0,0.0,0.25,0.0,0.0,0,0.0,0,0,0,0.75,0,0.0,36.17081747058825,64.31325205769232,0.2883046,0.23567733333333327,4.763196199999999
NO2,[ 38.866781 -76.620518],0.015911321000000003,0.13,0.0,0.0,0.0,0.0,0,0,0.0,0.0,0.13,0.0,0.0,0,0.0,0,0,0,0.74,0,0.0,36.17081747058825,64.31325205769232,0.2883046,0.23567733333333327,4.763196199999999
NO2,[ 39.211694 -76.652995],0.024362745,0.0,0.0,0.0,0.0,0.0,0,0,0.0,0.0,0.07,0.21,0.0,0,0.0,0,0,0,0.72,0,0.0,36.17081747058825,64.31325205769232,0.2883046,0.23567733333333327,4.763196199999999
NO2,[ 39.150386 -76.677468],0.020075,0.0,0.0,0.0,0.0,0.0,0,0,0.0,0.0,0.0,0.0,0.0,0,1.0,0,0,0,0.0,0,0.0,36.17081747058825,64.31325205769232,0.2883046,0.23567733333333327,4.763196199999999
NO2,[ 39.101111 -76.729444],0.016097785,0.0,0.0,0.0,0.0,0.0,0,0,0.0,0.0,1.0,0.0,0.0,0,0.0,0,0,0,0.0,0,0.0,36.17081747058825,71.80645200000002,0.17940799999999998,0.23567733333333327,4.763196199999999
NO2,[ 39.072331 -76.685801],0.018381131999999998,0.16,0.0,0.0,0.0,0.0,0,0,0.0,0.0,0.52,0.0,0.0,0,0.0,0,0,0,0.32,0,0.0,36.17081747058825,64.31325205769232,0.2883046,0.23567733333333327,4.763196199999999
NO2,[ 39.169533 -76.627933],0.016991202,0.0,0.0,0.0,0.0,0.0,0,0,0.0,0.0,0.04333333333330001,0.0,0.0,0,0.0,0,0,0,0.7533333333329999,0,0.203333333333,36.17081747058825,64.31325205769232,0.2883046,0.23567733333333327,4.763196199999999
NO2,[ 39.159831 -76.511351],0.016890224,0.0190476190476,0.0,0.0,0.0,0.0,0,0,0.0,0.0,0.047619047619,0.0,0.0,0,0.0,0,0,0,0.933333333333,0,0.0,36.17081747058825,64.31325205769232,0.2883046,0.23567733333333327,4.763196199999999
NO2,[ 39.299829 -76.612745],0.038445796000000004,0.0,0.0,0.0,0.0,0.0,0,0,0.0,0.0,1.0,0.0,0.0,0,0.0,0,0,0,0.0,0,0.0,36.17081747058825,64.31325205769232,0.2883046,0.23567733333333327,4.763196199999999
NO2,[ 39.299829 -76.612745],0.039048898,0.0,0.0,0.0,0.0,0.0,0,0,0.0,0.0,1.0,0.0,0.0,0,0.0,0,0,0,0.0,0,0.0,36.17081747058825,64.31325205769232,0.2883046,0.23567733333333327,4.763196199999999
NO2,[ 39.236775 -76.584132],0.029186009,0.0,0.0,0.0,0.0,0.0,0,0,0.0,0.0,0.0,1.0,0.0,0,0.0,0,0,0,0.0,0,0.0,36.17081747058825,64.31325205769232,0.2883046,0.23567733333333327,4.763196199999999
NO2,[ 39.314167 -76.613333],0.028764388999999998,0.0,0.0,0.0,0.0,0.0,0,0,0.0,0.04,0.41,0.0,0.0,0,0.0,0,0,0,0.55,0,0.0,36.17081747058825,64.31325205769232,0.2883046,0.23567733333333327,4.763196199999999
NO2,[ 39.286774 -76.62469 ],0.017697743999999998,0.0,0.0,0.0,0.0,0.0,0,0,0.0,0.0,0.55,0.04,0.0,0,0.0,0,0,0,0.18,0,0.23,36.17081747058825,64.31325205769232,0.2883046,0.23567733333333327,4.763196199999999
NO2,[ 39.430663 -76.506631],0.016824191000000002,0.833333333333,0.0,0.0,0.0,0.0,0,0,0.0,0.0,0.166666666667,0.0,0.0,0,0.0,0,0,0,0.0,0,0.0,36.17081747058825,78.948741,0.297107,0.23567733333333327,4.763196199999999
NO2,[ 39.462029 -76.631673],0.034718543,0.0,0.0,0.0,0.0,0.0,0,0,0.0,0.07,0.435,0.0,0.0,0,0.0,0,0,0,0.49,0,0.005,36.17081747058825,64.31325205769232,0.2883046,0.23567733333333327,4.763196199999999
NO2,[ 39.310833 -76.474444],0.026269643,0.0,0.0,0.0,0.0,0.0,0,0,0.0,0.0,0.023333333333299996,0.0,0.0,0,0.0,0,0,0,0.953333333333,0,0.023333333333299996,36.17081747058825,64.31325205769232,0.2883046,0.23567733333333327,4.763196199999999
NO2,[ 39.609001 -75.82966 ],0.021307407,0.12,0.0,0.0,0.0,0.0,0,0,0.0,0.0,0.38,0.0,0.0,0,0.0,0,0,0,0.5,0,0.0,36.17081747058825,64.31325205769232,0.2883046,0.23567733333333327,4.763196199999999
NO2,[ 38.558453 -77.009697],0.016141304,0.61,0.0,0.0,0.0,0.0,0,0,0.0,0.0,0.1,0.0,0.0,0,0.19,0,0,0,0.1,0,0.0,36.17081747058825,64.31325205769232,0.2883046,0.23567733333333327,4.763196199999999
NO2,[ 38.570675 -76.076329],0.017528571,0.0,0.0,0.05,0.0,0.0,0,0,0.0,0.0,0.63,0.0,0.0,0,0.0,0,0,0,0.32,0,0.0,36.17081747058825,64.31325205769232,0.2883046,0.23567733333333327,4.763196199999999
NO2,[ 39.314824 -77.469987],0.015914035,0.0,0.0,0.0,0.0,0.0,0,0,0.0,0.0,0.045045045044999996,0.0,0.0,0,0.9009009009010001,0,0,0,0.0540540540541,0,0.0,36.17081747058825,64.31325205769232,0.2883046,0.23567733333333327,4.763196199999999
NO2,[ 39.581198 -79.339483],0.010255172,0.813008130081,0.0,0.0,0.0,0.0,0,0,0.0,0.0,0.18699186991900002,0.0,0.0,0,0.0,0,0,0,0.0,0,0.0,36.17081747058825,64.31325205769232,0.2883046,0.23567733333333327,4.763196199999999
NO2,[ 39.62705  -76.329125],0.007602131,0.0990990990991,0.0,0.0,0.0,0.0,0,0,0.0,0.0,0.0,0.0,0.0,0,0.9009009009010001,0,0,0,0.0,0,0.0,36.17081747058825,82.946163,0.345479,0.23567733333333327,4.763196199999999
NO2,[ 38.995943 -77.1047  ],0.020272158000000002,0.0,0.0,0.0,0.0,0.0,0,0,0.0,0.0,0.83,0.0,0.0,0,0.0,0,0,0,0.17,0,0.0,36.17081747058825,64.31325205769232,0.2883046,0.23567733333333327,4.763196199999999
NO2,[ 39.114313 -77.106876],0.016444283,0.0,0.0,0.0,0.0,0.0,0,0,0.0,0.0,0.0,0.5,0.0,0,0.5,0,0,0,0.0,0,0.0,36.17081747058825,64.31325205769232,0.2883046,0.23567733333333327,4.763196199999999
NO2,[ 38.924001 -76.90414 ],0.020314472,0.0,0.0,0.0,0.0,0.0,0,0,0.0,0.0,0.06504065040649999,0.36585365853699997,0.0,0,0.0,0,0,0,0.50406504065,0,0.06504065040649999,36.17081747058825,64.31325205769232,0.2883046,0.23567733333333327,4.763196199999999
NO2,[ 38.851667 -76.932778],0.023153028,0.12,0.0,0.0,0.0,0.0,0,0,0.0,0.0,0.69,0.0,0.0,0,0.0,0,0,0,0.19,0,0.0,36.17081747058825,64.31325205769232,0.2883046,0.23567733333333327,4.763196199999999
NO2,[ 39.02     -76.827778],0.016145268,0.25,0.0,0.0,0.0,0.0,0,0,0.35,0.0,0.4,0.0,0.0,0,0.0,0,0,0,0.0,0,0.0,36.17081747058825,64.31325205769232,0.2883046,0.23567733333333327,4.763196199999999
NO2,[ 38.362062 -75.599091],0.014430769,0.0,0.0,0.0,0.0,0.0,0,0,0.0,0.0,0.21,0.0,0.0,0,0.0,0,0,0,0.79,0,0.0,36.17081747058825,64.31325205769232,0.2883046,0.23567733333333327,4.763196199999999
NO2,[ 42.713147 -71.120335],0.021708333,0.1,0.0,0.0,0.0,0.0,0,0,0.0,0.0,0.0,0.72,0.0,0,0.0,0,0,0,0.18,0,0.0,36.17081747058825,64.31325205769232,0.2883046,0.23567733333333327,4.763196199999999
NO2,[ 42.374819 -71.181999],0.019619214,0.0,0.0,0.0,0.0,0.0,0,0,0.0,0.0,0.0521327014218,0.47393364928900006,0.0,0,0.0,0,0,0,0.47393364928900006,0,0.0,36.17081747058825,69.662222,0.333325,0.23567733333333327,4.763196199999999
NO2,[ 42.403708 -71.10783 ],0.023806358,0.0,0.0,0.0,0.0,0.0,0,0,0.0,0.045871559633,0.0642201834862,0.45871559633000003,0.0,0,0.0,0,0,0,0.43119266055,0,0.0,36.17081747058825,64.31325205769232,0.2883046,0.23567733333333327,4.763196199999999
NO2,[ 42.348873 -71.097163],0.049628091,0.0,0.0,0.109375,0.0,0.0,0,0,0.0,0.0,0.25520833333299997,0.520833333333,0.0,0,0.0,0,0,0,0.114583333333,0,0.0,36.17081747058825,64.31325205769232,0.2883046,0.23567733333333327,4.763196199999999
NO2,[ 42.368708 -71.039773],0.05368667,0.0,0.0,0.37,0.0,0.0,0,0,0.0,0.0,0.0,0.38,0.0,0,0.0,0,0,0,0.25,0,0.0,36.17081747058825,64.31325205769232,0.2883046,0.23567733333333327,4.763196199999999
NO2,[ 42.377833 -71.027138],0.032465616,0.0,0.0,0.0,0.0,0.0,0,0,0.0,0.0,0.02,0.16,0.0,0,0.0,0,0,0,0.81,0,0.01,36.17081747058825,64.31325205769232,0.2883046,0.23567733333333327,4.763196199999999
NO2,[ 42.258704 -71.800072],0.021450155,0.0,0.0,0.0,0.0,0.0,0,0,0.0,0.0584415584416,0.233766233766,0.441558441558,0.0,0,0.0,0,0,0,0.103896103896,0,0.16233766233799998,36.17081747058825,64.31325205769232,0.2883046,0.23567733333333327,4.763196199999999
NO2,[ 40.937599 -73.994583],0.030992183,0.0,0.0,0.0,0.0,0.0,0,0,0.0,0.0,0.324324324324,0.0,0.0,0,0.0,0,0,0,0.675675675676,0,0.0,36.17081747058825,64.31325205769232,0.2883046,0.23567733333333327,4.763196199999999
NO2,[ 40.050391 -74.586544],0.018349833,0.0,0.0,0.0,0.0,0.0,0,0,0.0,0.0,0.0,0.0,0.0,0,0.02,0,0,0,0.98,0,0.0,36.17081747058825,64.31325205769232,0.2883046,0.23567733333333327,4.763196199999999
NO2,[ 39.923042 -75.097617],0.029539243,0.0,0.0,0.0,0.0,0.0,0,0,0.0,0.149122807018,0.263157894737,0.0,0.0,0,0.0,0,0,0,0.587719298246,0,0.0,36.17081747058825,64.31325205769232,0.2883046,0.23567733333333327,4.763196199999999
NO2,[ 39.492338 -75.020453],0.019656371000000002,0.0,0.0,0.0,0.0,0.0,0,0,0.0,0.14634146341499998,0.0,0.0,0.0406504065041,0,0.0,0,0,0,0.813008130081,0,0.0,36.17081747058825,64.31325205769232,0.2883046,0.23567733333333327,4.763196199999999
NO2,[ 40.732601 -74.177645],0.038201887000000004,0.0,0.0,0.0,0.0,0.0,0,0,0.0,0.0,0.66,0.0,0.0,0,0.0,0,0,0,0.34,0,0.0,36.17081747058825,81.186813,0.2883046,0.23567733333333327,4.763196199999999
NO2,[ 40.757501 -74.2005  ],0.036033944,0.0,0.0,0.0,0.0,0.0,0,0,0.0,0.0,0.24,0.3,0.0,0,0.0,0,0,0,0.46,0,0.0,36.17081747058825,64.31325205769232,0.2883046,0.23567733333333327,4.763196199999999
NO2,[ 40.680936 -74.119309],0.030354468,0.0,0.0,0.76,0.0,0.0,0,0,0.0,0.19,0.0,0.0,0.0,0,0.0,0,0,0,0.05,0,0.0,36.17081747058825,64.31325205769232,0.2883046,0.23567733333333327,4.763196199999999
NO2,[ 40.515262 -74.806671],0.015415488,0.0,0.0,0.0,0.0,0.0,0,0,0.0,0.115384615385,0.0320512820513,0.0,0.0,0,0.641025641026,0,0,0,0.211538461538,0,0.0,36.17081747058825,76.994401,0.5857140000000001,0.23567733333333327,4.763196199999999
NO2,[ 40.482327 -74.440429],0.024628222,0.0,0.0,0.0,0.0,0.0,0,0,0.0,0.0,0.37,0.0,0.0,0,0.0,0,0,0,0.63,0,0.0,36.17081747058825,71.91959399999998,0.2883046,0.23567733333333327,4.763196199999999
NO2,[ 40.64144  -74.208365],0.040102899,0.0,0.0,0.0,0.0,0.0,0,0,0.0,0.0,0.0,0.81,0.0,0,0.0,0,0,0,0.01,0,0.18,36.17081747058825,64.31325205769232,0.2883046,0.23567733333333327,4.763196199999999
NO2,[ 40.601725 -74.441067],0.023484454,0.0,0.0,0.0,0.0,0.0,0,0,0.0,0.0,0.115044247788,0.0,0.0,0,0.0,0,0,0,0.8849557522120001,0,0.0,36.17081747058825,64.31325205769232,0.2883046,0.23567733333333327,4.763196199999999
NO2,[ 40.683155 -75.186564],0.025142305,0.051724137931,0.0,0.25,0.0,0.0,0,0,0.0,0.0172413793103,0.066091954023,0.060344827586199995,0.0,0,0.0,0,0,0,0.514367816092,0,0.0402298850575,36.17081747058825,64.31325205769232,0.2883046,0.23567733333333327,4.763196199999999
NO2,[ 40.831767 -73.903748],0.030986181,0.0,0.0,0.0,0.0,0.0,0,0,0.0,0.0,0.0,0.5,0.0,0,0.0,0,0,0,0.5,0,0.0,36.17081747058825,64.31325205769232,0.2883046,0.23567733333333327,4.763196199999999
NO2,[ 42.876907 -78.809526],0.023343608,0.0,0.0,0.0,0.0,0.0,0,0,0.0,0.11,0.35,0.1,0.0,0,0.0,0,0,0,0.44,0,0.0,36.17081747058825,64.31325205769232,0.2883046,0.23567733333333327,4.763196199999999
NO2,[ 40.73277 -73.94722],0.023793212999999997,0.0,0.0,0.0,0.0,0.0,0,0,0.0,0.0,0.28,0.11,0.0,0,0.0,0,0,0,0.07,0,0.54,36.17081747058825,64.31325205769232,0.2883046,0.23567733333333327,4.763196199999999
NO2,[ 40.671953 -73.977823],0.039677717,0.0,0.0,0.0,0.0,0.0,0,0,0.0,0.04838709677419999,0.241935483871,0.0,0.0,0,0.0,0,0,0,0.709677419355,0,0.0,36.17081747058825,64.31325205769232,0.2883046,0.23567733333333327,4.763196199999999
NO2,[ 40.74316 -73.58549],0.029309711000000002,0.0,0.0,0.0,0.0,0.0,0,0,0.0,0.195,0.305,0.5,0.0,0,0.0,0,0,0,0.0,0,0.0,36.17081747058825,74.701631,0.230516,0.23567733333333327,4.763196199999999
NO2,[ 40.74316 -73.58549],0.025234765,0.0,0.0,0.0,0.0,0.0,0,0,0.0,0.195,0.305,0.5,0.0,0,0.0,0,0,0,0.0,0,0.0,36.17081747058825,74.701631,0.230516,0.23567733333333327,4.763196199999999
NO2,[ 40.739546 -73.985694],0.048915207,0.0,0.0,0.0,0.0,0.0,0,0,0.0,0.0,0.34666666666699997,0.0,0.0,0,0.0,0,0,0,0.326666666667,0,0.326666666667,36.17081747058825,64.31325205769232,0.2883046,0.23567733333333327,4.763196199999999
NO2,[ 43.045345 -76.147425],0.021034393999999998,0.0,0.0,0.0,0.0,0.0,0,0,0.0,0.0,0.92,0.08,0.0,0,0.0,0,0,0,0.0,0,0.0,36.17081747058825,64.31325205769232,0.2883046,0.23567733333333327,4.763196199999999
NO2,[ 40.735935 -73.816523],0.037748234,0.0,0.0,0.0,0.0,0.0,0,0,0.0,0.0,0.165,0.5,0.0,0,0.0,0,0,0,0.335,0,0.0,36.17081747058825,64.31325205769232,0.2883046,0.23567733333333327,4.763196199999999
NO2,[ 40.777601 -73.908192],0.036915387,0.0,0.0,0.0,0.0,0.0,0,0,0.0,0.0,0.00497512437811,0.49751243781099996,0.0,0,0.0,0,0,0,0.48756218905500004,0,0.00995024875622,36.17081747058825,64.31325205769232,0.2883046,0.23567733333333327,4.763196199999999
NO2,[ 40.59664 -74.12525],0.025269978,0.44,0.0,0.0,0.0,0.0,0,0,0.0,0.0,0.31,0.0,0.0,0,0.0,0,0,0,0.25,0,0.0,36.17081747058825,64.31325205769232,0.2883046,0.23567733333333327,4.763196199999999
NO2,[ 41.05192 -73.76366],0.021819136,0.447368421053,0.0,0.122807017544,0.0,0.0,0,0,0.0,0.0,0.131578947368,0.0,0.0,0,0.0,0,0,0,0.298245614035,0,0.0,36.17081747058825,64.31325205769232,0.2883046,0.23567733333333327,4.763196199999999
NO2,[ 40.46542  -79.960757],0.037509653999999996,0.0,0.0,0.0,0.0,0.0,0,0,0.0,0.0,0.0,0.0,0.0,0,0.0,0,0,0,1.0,0,0.0,36.17081747058825,64.31325205769232,0.2883046,0.23567733333333327,4.763196199999999
NO2,[ 40.436736 -79.954496],0.02824774,0.0,0.0,0.0,0.0,0.0,0,0,0.0,0.0194174757282,0.00970873786408,0.0,0.0,0,0.0,0,0,0,0.970873786408,0,0.0,36.17081747058825,64.31325205769232,0.2883046,0.23567733333333327,4.763196199999999
NO2,[ 40.546963 -79.760868],0.029675301,0.34,0.0,0.29,0.0,0.0,0,0,0.0,0.0,0.0,0.0,0.0,0,0.0,0,0,0,0.19,0,0.18,36.17081747058825,64.31325205769232,0.2883046,0.23567733333333327,4.763196199999999
NO2,[ 40.635575 -80.230605],0.026691302000000004,0.0,0.0,0.33,0.0,0.0,0,0,0.0,0.0,0.28,0.0,0.0,0,0.0,0,0,0,0.39,0,0.0,27.040513,50.165374,0.2883046,0.23567733333333327,4.763196199999999
NO2,[ 40.747796 -80.316442],0.023676664,0.0,0.0,0.17,0.0,0.0,0,0,0.0,0.09,0.1,0.0,0.0,0,0.0,0,0,0,0.2,0,0.44,34.788672,48.747551,0.2883046,0.23567733333333327,4.763196199999999
NO2,[ 40.511111 -75.786111],0.019202106,0.0,0.0,0.0,0.0,0.0,0,0,0.0,0.0,0.10447761194,0.014925373134299999,0.0,0,0.746268656716,0,0,0,0.134328358209,0,0.0,36.17081747058825,64.31325205769232,0.2883046,0.23567733333333327,4.763196199999999
NO2,[ 40.320278 -75.926667],0.025422032999999997,0.33,0.0,0.0,0.0,0.0,0,0,0.0,0.0,0.19,0.0,0.0,0,0.0,0,0,0,0.4,0,0.08,31.522273,48.506326,0.2883046,0.23567733333333327,4.763196199999999
NO2,[ 40.107222 -74.882222],0.026955602999999998,0.0,0.0,0.0,0.0,0.0,0,0,0.0,0.0,0.27,0.0,0.0,0,0.0,0,0,0,0.73,0,0.0,37.047777,51.672519,0.2883046,0.23567733333333327,4.763196199999999
NO2,[ 40.309722 -78.915   ],0.024088962999999998,0.528301886792,0.0,0.0,0.0,0.0,0,0,0.0,0.0,0.0,0.0,0.0,0,0.0,0,0,0,0.471698113208,0,0.0,36.17081747058825,47.226475,0.2883046,0.23567733333333327,4.763196199999999
NO2,[ 40.246992 -76.846988],0.022191761,0.0,0.0,0.0,0.0,0.0,0,0,0.024590163934400004,0.0,0.15573770491800001,0.0,0.0,0,0.8114754098360001,0,0,0,0.008196721311479999,0,0.0,36.959374,51.472291999999996,0.2883046,0.23567733333333327,4.763196199999999
NO2,[ 39.835556 -75.3725  ],0.027090671,0.0,0.0,0.5,0.0,0.0,0,0,0.14,0.0,0.0,0.0,0.0,0,0.0,0,0,0,0.08,0,0.28,33.033727,45.324244,0.2883046,0.23567733333333327,4.763196199999999
NO2,[ 42.139727 -80.046428],0.017244332,0.0,0.0,0.0,0.0,0.0,0,0,0.0,0.0,0.17,0.03,0.0,0,0.0,0,0,0,0.56,0,0.24,35.651408,46.698073,0.2883046,0.23567733333333327,4.763196199999999
NO2,[ 41.442778 -75.623056],0.022451215,0.0,0.0,0.0,0.0,0.0,0,0,0.0,0.0,0.05,0.0,0.21,0,0.0,0,0,0,0.33,0,0.41,35.621757,47.008441,0.2883046,0.23567733333333327,4.763196199999999
NO2,[ 40.046667 -76.283333],0.018340312,0.0,0.0,0.0,0.0,0.0,0,0,0.0,0.12,0.44,0.0,0.0,0,0.0,0,0,0,0.44,0,0.0,44.97795,55.606123,0.2883046,0.23567733333333327,4.763196199999999
NO2,[ 40.995848 -80.346442],0.03240386,0.0,0.0,0.0,0.0,0.0,0,0,0.0,0.0,0.29,0.0,0.0,0,0.0,0,0,0,0.07,0,0.64,37.041717,49.363141999999996,0.2883046,0.23567733333333327,4.763196199999999
NO2,[ 40.618617 -75.448505],0.024266292000000002,0.0,0.0,0.0,0.0,0.0,0,0,0.0,0.45,0.14,0.0,0.0,0,0.0,0,0,0,0.41,0,0.0,31.092125,54.148927,0.2883046,0.23567733333333327,4.763196199999999
NO2,[ 41.237779 -75.89546 ],0.032409677000000005,0.0,0.0,0.0,0.0,0.0,0,0,0.0,0.0,0.1,0.19,0.0,0,0.0,0,0,0,0.71,0,0.0,34.476264,48.614018,0.2883046,0.23567733333333327,4.763196199999999
NO2,[ 40.112222 -75.309167],0.02847995,0.0,0.0,0.0,0.0,0.0,0,0,0.0,0.0654205607477,0.0,0.168224299065,0.0,0,0.233644859813,0,0,0,0.383177570093,0,0.14953271027999998,34.900958,51.456924,0.2883046,0.23567733333333327,4.763196199999999
NO2,[ 40.620278 -75.363333],0.024633943999999998,0.0,0.0,0.0,0.0,0.0,0,0,0.0,0.59,0.0,0.0,0.0,0,0.0,0,0,0,0.27,0,0.14,34.734375,48.713992,0.2883046,0.23567733333333327,4.763196199999999
NO2,[ 39.94678  -75.163511],0.046184502999999995,0.0,0.0,0.0,0.0,0.0,0,0,0.0,0.0,0.236666666667,0.0,0.0,0,0.0,0,0,0,0.526666666667,0,0.236666666667,36.17081747058825,64.31325205769232,0.2883046,0.23567733333333327,4.763196199999999
NO2,[ 39.957335 -75.172679],0.036189934,0.0,0.0,0.0,0.0,0.0,0,0,0.0,0.0,0.33333333333299997,0.0,0.0,0,0.0,0,0,0,0.33333333333299997,0,0.33333333333299997,36.17081747058825,64.31325205769232,0.2883046,0.23567733333333327,4.763196199999999
NO2,[ 40.008889 -75.09778 ],0.040885879,0.0,0.0,0.0,0.0,0.0,0,0,0.0,0.0,0.65,0.0,0.0,0,0.0,0,0,0,0.35,0,0.0,36.17081747058825,64.31325205769232,0.2883046,0.23567733333333327,4.763196199999999
NO2,[ 40.0764   -75.011549],0.025023418999999998,0.0,0.0,0.0,0.0,0.0,0,0,0.0,0.0,0.045,0.91,0.0,0,0.0,0,0,0,0.0,0,0.045,36.17081747058825,64.31325205769232,0.2883046,0.23567733333333327,4.763196199999999
NO2,[ 40.010668 -75.151565],0.04582202900000001,0.0,0.0,0.0,0.0,0.0,0,0,0.0,0.0,0.12,0.0,0.0,0,0.0,0,0,0,0.86,0,0.02,36.17081747058825,64.31325205769232,0.2883046,0.23567733333333327,4.763196199999999
NO2,[ 40.146667 -79.902222],0.020042989,0.01,0.0,0.23,0.0,0.0,0,0,0.0,0.0,0.0,0.17,0.0,0,0.0,0,0,0,0.21,0,0.38,29.543298999999998,46.544701,0.2883046,0.23567733333333327,4.763196199999999
NO2,[ 40.551686 -79.759757],0.020666346000000002,0.2,0.0,0.12,0.0,0.0,0,0,0.0,0.0,0.2,0.0,0.0,0,0.0,0,0,0,0.15,0,0.33,36.17081747058825,64.31325205769232,0.2883046,0.23567733333333327,4.763196199999999
NO2,[ 39.965278 -76.699444],0.025762032,0.0,0.0,0.0,0.0,0.0,0,0,0.0,0.0,0.01,0.0,0.0,0,0.0,0,0,0,0.57,0,0.42,35.729857,49.98138400000001,0.2883046,0.23567733333333327,4.763196199999999
NO2,[ 41.820933 -71.407557],0.035405586,0.0,0.0,0.04,0.0,0.0,0,0,0.0,0.0,0.72,0.12,0.0,0,0.0,0,0,0,0.0,0,0.12,36.17081747058825,64.31325205769232,0.2883046,0.23567733333333327,4.763196199999999
