Unnamed: 0,Unnamed: 0.1,nan,Roadway ID,From Measure,TMC,Route Number,Direction,Community(ies),Segment Begin Location,Segment End Location,Length (miles),Lanes,Speed Limit (mph),AM Average Speed (mph),AM Congested Speed (mph),AM Delay (minutes),AM Average Travel Time Index,AM Speed Index,AM Congested Minutes,PM Average Speed (mph),PM Congested Speed (mph),PM Delay (minutes),PM Average Travel Time Index,PM Speed Index,PM Congested Minutes,begin lat,begin long,end lat,end long,begin,end
26,29,28.0,105.0,8006.3007,129-08457,MA-2A,Eastbound,ARLINGTON,Park Ave,US-3/MA-60/Mystic St/Pleasant St,1.6867669000420502,2.0,30,21.849120433017593,16.099697885196374,0.4151233994390173,1.0984423868949926,0.7283040144339198,3.3592692828146142,21.6687265917603,16.4031007751938,0.4536854996202493,1.107587005556948,0.72229088639201,2.8988764044943816,42.418561100000005,-71.1813983,42.41816370000001,-71.15131749999998,Park Ave,US-3/MA-60/Mystic St/Pleasant St
28,31,30.0,105.0,12901.5422,129-08455,MA-2A,Eastbound,CAMBRIDGE,US-3/MA-16/Alewife Brook Pkwy,Somerville Ave,1.20236962063255,2.0,30,15.768181818181818,14.238068073778285,1.1398323381361983,1.331795906601326,0.5256060606060606,46.266862170087975,19.963720433932068,16.698051948051948,0.1783221966990216,1.051908138540479,0.6654573477977355,6.5730037346612145,42.3998806,-71.137962,42.388222600000006,-71.1185335,US-3/MA-16/Alewife Brook Pkwy,Somerville Ave
29,32,31.0,105.0,14837.3958,129-08454,MA-2A,Eastbound,CAMBRIDGE,Somerville Ave,Cambridge St/Garden St,0.8748482317638041,2.0,30,16.722130779590007,15.194035785288271,0.6394411219002807,1.255820820731249,0.5574043593196668,45.15935956905582,20.04516938519448,15.27534965034965,0.1190642221139302,1.0476339509263894,0.668172312839816,12.303280157734358,42.388222600000006,-71.1185335,42.382207,-71.1268795,Somerville Ave,Cambridge St/Garden St
30,33,32.0,105.0,16322.517,129-08453,MA-2A,Eastbound,CAMBRIDGE,Cambridge St/Garden St,Jfk St,0.26288537088435,2.0,30,13.804030466518563,13.423874557410217,0.01599455948223305,1.0141965445495618,0.4601343488839522,56.467788003808316,14.907815631262526,14.759851454507944,0.0,1.0,0.4969271877087508,58.28056112224449,42.382207,-71.1268795,42.37129710000001,-71.1212079,Cambridge St/Garden St,Jfk St
31,34,33.0,105.0,16788.4491,129-08452,MA-2A,Eastbound,CAMBRIDGE,Jfk St,Putnam Ave,0.392624108867076,2.0,30,16.26677367576244,15.450293542074364,0.062462004463794685,1.045075092261846,0.5422257891920813,49.21348314606742,18.098896769109537,16.195142735406904,0.0,1.0,0.6032965589703179,27.742316784869967,42.37129710000001,-71.1212079,42.36226320000001,-71.11353570000001,Jfk St,Putnam Ave
32,35,34.0,105.0,17415.5125,129-08451,MA-2A,Eastbound,CAMBRIDGE,Putnam Ave,Brookline St,0.7470721297937891,2.0,30,14.610910801065998,14.281307016088904,0.0,1.0,0.4870303600355333,56.7079479542248,15.404520206856926,15.34873786407767,0.0,1.0,0.5134840068952308,59.184064355487465,42.36226320000001,-71.11353570000001,42.3591484,-71.10615829999998,Putnam Ave,Brookline St
33,36,35.0,105.0,18617.7129,129-08450,MA-2A,Eastbound,CAMBRIDGE,Brookline St,Memorial Dr,0.653871489527656,3.0,30,13.737973967176005,13.495226905566163,0.7908977756576259,1.3830278063851698,0.4579324655725335,57.80135823429541,13.253389830508475,13.1603611349957,0.8953128455151664,1.4335954984334036,0.4417796610169492,59.135593220338976,42.3591484,-71.10615829999998,42.364076000000004,-71.1160776,Brookline St,Memorial Dr
34,37,36.0,105.0,19684.7417,129-08449,MA-2A,Eastbound,"BOSTON, CAMBRIDGE",Memorial Dr,Storrow Dr,0.37991689078687496,4.0,30,32.73045923149016,12,0.0451603914884493,1.0693403276885989,1.0910153077163387,0.011246485473289596,28.68340685442823,11.531645569620252,0.1434247098476823,1.2202176741985091,0.9561135618142744,4.8252460128944685,42.364076000000004,-71.1160776,42.3535106,-71.0826502,Memorial Dr,Storrow Dr
35,38,37.0,105.0,20325.9033,129-08448,MA-2A,Eastbound,BOSTON,Storrow Dr,MA-2A/Commonwealth Ave,0.170503586539393,4.0,30,15.471017350157727,14.29817158931083,0.1962405397470917,1.4220137888847824,0.5157005783385911,50.46529968454258,14.14142910033321,13.742772861356933,0.2584118133182786,1.5557126400670227,0.471380970011107,56.479081821547574,42.3535106,-71.0826502,42.3399704,-71.16702990000002,Storrow Dr,MA-2A/Commonwealth Ave
36,39,38.0,105.0,20625.8633,129-08447,MA-2A,Eastbound,BOSTON,MA-2A/Commonwealth Ave,I-90/Massachusetts Tpke/Massachusetts Ave,0.0577948330797067,4.0,30,15.968916518650088,14.482287308228731,0.05953021797416794,1.3776764362382516,0.5322972172883362,47.75754884547069,15.484203875315922,14.791341376863024,0.06632789115690144,1.4208027856744516,0.5161401291771974,53.416175231676505,42.3399704,-71.16702990000002,42.33671289999999,-71.07716540000001,MA-2A/Commonwealth Ave,I-90/Massachusetts Tpke/Massachusetts Ave
37,40,39.0,105.0,20768.4817,129-08446,MA-2A,Eastbound,BOSTON,I-90/Massachusetts Tpke/Massachusetts Ave,MA-9/Huntington Ave,0.368253037002584,4.0,30,14.723084886128365,13.87412040656763,0.027704745972421563,1.018808226401828,0.4907694962042788,52.96066252587992,15.000345184673801,14.67632058287796,-3.3896634481278554e-05,0.9999769882179674,0.5000115061557934,56.85191577493959,42.33671289999999,-71.07716540000001,42.3384957,-71.0938271,I-90/Massachusetts Tpke/Massachusetts Ave,MA-9/Huntington Ave
38,41,40.0,105.0,21423.3071,129-08445,MA-2A,Eastbound,BOSTON,MA-9/Huntington Ave,MA-28/Columbus Ave,0.213965260391065,2.0,30,13.977032520325205,12.921957977372431,0.2052832705086428,1.2878270100484246,0.4659010840108401,52.8170731707317,13.205984555984552,12.909819639278558,0.25891109152042524,1.3630184045492422,0.4401994851994852,57.79922779922779,42.3384957,-71.0938271,42.343270200000006,-71.07848840000001,MA-9/Huntington Ave,MA-28/Columbus Ave
39,42,41.0,105.0,21770.514,129-08444,MA-2A,Eastbound,BOSTON,MA-28/Columbus Ave,Melnea Cass Blvd/Massachusetts Ave,0.732202875852418,2.0,30,16.135201573254673,15.546731597677468,0.4105336437902989,1.1775495901764224,0.5378400524418223,52.49754178957719,13.383844911147012,13.04864406779661,0.9702580987729976,1.41962194915868,0.4461281637049004,57.18901453957997,42.343270200000006,-71.07848840000001,42.332908200000006,-71.0809474,MA-28/Columbus Ave,Melnea Cass Blvd/Massachusetts Ave
40,43,42.0,106.0,0.0,129+08445,MA-2A,Westbound,BOSTON,Melnea Cass Blvd/Massachusetts Ave,MA-28/Columbus Ave,0.732417551503665,2.0,30,13.066656747507812,12.732970451010887,0.9217525328113249,1.3775520661345235,0.4355552249169271,57.4021722957893,16.700083125519537,16.160498713635462,0.1900353683290743,1.0778389463519529,0.5566694375173178,50.403990024937656,42.332908200000006,-71.0809474,42.343270200000006,-71.07848840000001,Melnea Cass Blvd/Massachusetts Ave,MA-28/Columbus Ave
41,44,43.0,106.0,1181.1401,129+08446,MA-2A,Westbound,BOSTON,MA-28/Columbus Ave,MA-9/Huntington Ave,0.214010441349232,2.0,30,11.323874755381606,11.02980801616706,0.4581203742971776,1.6778709064201156,0.3774624918460535,58.10176125244618,16.267889087656528,15.073451327433629,0.11350101236700648,1.1679450171821302,0.542262969588551,45.483005366726296,42.343270200000006,-71.07848840000001,42.3384957,-71.0938271,MA-28/Columbus Ave,MA-9/Huntington Ave
42,45,44.0,106.0,1540.6067,129+08447,MA-2A,Westbound,BOSTON,MA-9/Huntington Ave,I-90/Massachusetts Tpke/Massachusetts Ave,0.364740806425799,4.0,30,15.436735377911846,14.312003179650238,0.32346388872669096,1.2956107305316409,0.5145578459303949,50.5982905982906,17.36856080722252,15.733916478555305,0.16578113705914976,1.1515058859501603,0.5789520269074173,37.64206054168879,42.3384957,-71.0938271,42.33671289999999,-71.07716540000001,MA-9/Huntington Ave,I-90/Massachusetts Tpke/Massachusetts Ave
43,46,45.0,106.0,2187.1615,129+08448,MA-2A,Westbound,BOSTON,I-90/Massachusetts Tpke/Massachusetts Ave,MA-2A/Commonwealth Ave,0.0578195521045892,4.0,30,15.338370430876047,13.948189134808853,0.06097740068544252,1.3691154542549793,0.5112790143625349,48.71554012660813,18.43230050933786,15.733614232209737,0.02301289900055839,1.1393043418189353,0.6144100169779286,27.198641765704583,42.33671289999999,-71.07716540000001,42.3399704,-71.16702990000002,I-90/Massachusetts Tpke/Massachusetts Ave,MA-2A/Commonwealth Ave
44,47,46.0,106.0,2318.9557,129+08449,MA-2A,Westbound,BOSTON,MA-2A/Commonwealth Ave,Storrow Dr,0.17095286184386302,4.0,30,17.497074986704487,15.471559633027523,0.14025809361053626,1.3145054254769453,0.5832358328901496,40.57791171778053,20.206953948585166,15.874458874458874,0.061642044481446,1.1382220228997153,0.6735651316195056,12.816719067874978,42.3399704,-71.16702990000002,42.3535106,-71.0826502,MA-2A/Commonwealth Ave,Storrow Dr
45,48,47.0,106.0,2634.0527,129+08450,MA-2A,Westbound,"BOSTON, CAMBRIDGE",Storrow Dr,Memorial Dr,0.379536077824289,4.0,30,25.836795252225517,15.98219584569733,0.2307517580248544,1.354657172390031,0.8612265084075174,3.5294117647058822,26.022975929978124,15.57912457912458,0.2244459126254813,1.3449653142737021,0.8674325309992705,3.2494529540481403,42.3535106,-71.0826502,42.364076000000004,-71.1160776,Storrow Dr,Memorial Dr
46,49,48.0,106.0,3278.6469,129+08451,MA-2A,Westbound,CAMBRIDGE,Memorial Dr,Brookline St,0.653841237115659,3.0,30,14.57377987691427,14.055520898315658,0.5123822881066831,1.2350948176809688,0.4857926625638089,55.062258480034345,12.923324471806351,12.865143179573987,0.8561625184062679,1.3928304624146028,0.4307774823935451,59.513082412200916,42.364076000000004,-71.1160776,42.3591484,-71.10615829999998,Memorial Dr,Brookline St
47,50,49.0,106.0,4345.6757,129+08452,MA-2A,Westbound,CAMBRIDGE,Brookline St,Putnam Ave,0.7739324485199541,2.0,30,15.137983784610677,14.790785374651582,0.0,1.0,0.5045994594870226,55.97980725103258,16.039203084832906,15.974799044101673,0.0,1.0,0.5346401028277635,59.164524421593825,42.3591484,-71.10615829999998,42.36226320000001,-71.11353570000001,Brookline St,Putnam Ave
48,51,50.0,106.0,5588.7683,129+08453,MA-2A,Westbound,CAMBRIDGE,Putnam Ave,Jfk St,0.3791501982335229,2.0,30,17.08800975949808,15.986076238301758,0.0,1.0,0.5696003253166028,45.81038689438829,16.600443951165367,15.875764313507505,0.0,1.0,0.5533481317055123,47.92008879023308,42.36226320000001,-71.11353570000001,42.37129710000001,-71.1212079,Putnam Ave,Jfk St
49,52,51.0,106.0,6199.5504,129+08454,MA-2A,Westbound,CAMBRIDGE,Jfk St,Cambridge St/Garden St,0.0826847911070007,2.0,30,16.277095375722542,15.221499783268314,0.012960807405728305,1.0444123848629454,0.5425698458574181,50.00722543352602,16.943841735800895,15.47636815920398,0.0009672299858982658,1.0033143761063612,0.5647947245266965,41.04658583280153,42.37129710000001,-71.1212079,42.382207,-71.1268795,Jfk St,Cambridge St/Garden St
50,53,52.0,106.0,6428.5563,129+08455,MA-2A,Westbound,CAMBRIDGE,Cambridge St/Garden St,Somerville Ave,0.827933374344745,2.0,30,17.642547033285094,15.735995403619649,0.5576932439322659,1.246985481092609,0.5880849011095032,33.58417752050169,18.18823529411765,15.825796886582653,0.4732160648377586,1.2095730918499354,0.6062745098039215,28.00692041522491,42.382207,-71.1268795,42.388222600000006,-71.1185335,Cambridge St/Garden St,Somerville Ave
51,54,53.0,106.0,7892.2021,129+08456,MA-2A,Westbound,CAMBRIDGE,Somerville Ave,US-3/MA-16/Alewife Brook Pkwy,1.20515469777606,2.0,30,17.46897411911444,16.10050597976081,1.2469262807355863,1.4311086518037237,0.5822991373038147,40.67352666043031,17.985774329130297,15.237293519695044,1.1279884020097763,1.3899874168614057,0.5995258109710098,30.53346265761397,42.388222600000006,-71.1185335,42.3998806,-71.137962,Somerville Ave,US-3/MA-16/Alewife Brook Pkwy
53,56,55.0,106.0,12015.3702,129+08458,MA-2A,Westbound,ARLINGTON,US-3/MA-60/Mystic St/Pleasant St,Park Ave,1.68981523485092,2.0,30,22.519951211012373,16.60117302052786,0.09396812663566044,1.0213165998669165,0.750665040367079,3.56508102456874,22.642240425060876,16.886363636363637,0.06965214635356354,1.0158005377658277,0.7547413475020294,1.7533761346026124,42.41816370000001,-71.15131749999998,42.418561100000005,-71.1813983,US-3/MA-60/Mystic St/Pleasant St,Park Ave
68,71,70.0,109.0,0.0,129+09046,MA-107,Northbound,REVERE,MA-16/Revere Beach Pkwy,Central Ave,0.475862850425064,2.0,30,20.722335647202947,16.19685039370079,0.0,1.0,0.6907445215734314,6.222948142098818,18.16421424367275,15.700043917435222,0.06914452554870909,1.046012766922653,0.6054738081224251,26.804002354326077,42.4036005,-71.00827890000001,42.40958029999999,-71.01024840000001,MA-16/Revere Beach Pkwy,Central Ave
89,92,91.0,110.0,17236.3748,129-09045,MA-107,Southbound,REVERE,Central Ave,MA-16/Revere Beach Pkwy,0.475967806762641,2.0,30,20.04003707136237,16.20131702728128,-0.0028527427835121077,0.9980021458433534,0.6680012357120791,11.822057460611678,20.95022854240732,15.938144329896907,0.0,1.0,0.6983409514135771,5.911630269172169,42.40958029999999,-71.01024840000001,42.4036005,-71.00827890000001,Central Ave,MA-16/Revere Beach Pkwy
444,447,446.0,139.0,6650.1713,129+08993,MA-16,Eastbound,"NEWTON, WATERTOWN",Adams St,Galen St,0.9159848583028828,2.0,30,21.67933641327173,15.826271186440678,0.1455653228607412,1.0609180816955162,0.7226445471090578,2.9735405291894166,21.370967741935484,16.435714285714287,0.18214497920641426,1.0762264150943397,0.7123655913978495,2.656546489563567,42.3590796,-71.20114339999998,42.3621504,-71.1858433,Adams St,Galen St
445,448,447.0,139.0,8121.8731,129+08994,MA-16,Eastbound,WATERTOWN,Galen St,US-20/Main St/N Beacon St,0.06473276915935201,4.0,30,15.229918631337366,13.587596899224806,0.05060284980894636,1.2475444196336838,0.5076639543779122,48.44564990611308,16.569396142902306,15.349060542797496,0.029986745705414125,1.1466923619988936,0.5523132047634102,45.431552323743276,42.3624259,-71.18590850000002,42.364812799999996,-71.1832074,Galen St,US-20/Main St/N Beacon St
447,450,449.0,139.0,11415.318,129+08996,MA-16,Eastbound,"CAMBRIDGE, WATERTOWN",Belmont St,Mount Auburn St,0.18763368971847896,4.0,30,22.701232032854207,13.708235294117648,0.06292034021341336,1.1453122880014472,0.7567077344284737,6.54517453798768,24.963109969647444,15.9079754601227,0.01798550887510364,1.0415368931039966,0.8321036656549148,2.2834461825823023,42.3747419,-71.15020770000001,42.37488629999999,-71.14850489999998,Belmont St,Mount Auburn St
448,451,450.0,139.0,11823.6998,129+08997,MA-16,Eastbound,CAMBRIDGE,Mount Auburn St,US-3/MA-2/Fresh Pond Pkwy,0.399484453850842,1.0,30,23.897932816537466,15,0.11523336201016045,1.1298048332161972,0.7965977605512489,1.731266149870801,24.525627044711012,16.152173913043477,0.08956377904130819,1.1008892841262783,0.8175209014903672,1.5049073064340244,42.374826500000005,-71.13802290000001,42.382032200000005,-71.1436713,Mount Auburn St,US-3/MA-2/Fresh Pond Pkwy
449,452,451.0,139.0,12464.3634,129+04876,MA-16,Eastbound,CAMBRIDGE,US-3/MA-2/Fresh Pond Pkwy,Concord Ave/New St,0.506725023799742,4.0,30,28.43787575150301,14.103092783505154,0.11901056998573535,1.1252598569465486,0.9479291917167668,1.9438877755511024,18.870910698496907,11.35768903993203,0.6610211672213111,1.6957316216089584,0.6290303566165636,24.976127320954905,42.382032200000005,-71.1436713,42.3891336,-71.1445147,US-3/MA-2/Fresh Pond Pkwy,Concord Ave/New St
450,453,452.0,139.0,13355.826,129+04877,MA-16,Eastbound,CAMBRIDGE,Concord Ave/New St,Concord Ave,0.142136415426609,2.0,30,20.528715320728047,15.569549822964087,0.060086073766490826,1.1690941018489829,0.6842905106909348,20.961300583141888,14.493070058857036,12.203393999016232,0.233090873441298,1.6559638435842012,0.4831023352952345,46.31858743117525,42.3891336,-71.1445147,42.390493799999994,-71.15387059999998,Concord Ave/New St,Concord Ave
451,454,453.0,139.0,13589.7054,129+04878,MA-16,Eastbound,CAMBRIDGE,Concord Ave,MA-2A/Concord Tpke,0.642296359765023,2.0,30,16.366208069253357,12.070910367423355,1.070123866182988,1.8330452523306229,0.5455402689751121,39.63209151337146,13.973749611680644,12.201445691459007,1.4732770474856502,2.14688260729411,0.4657916537226882,48.993476234855535,42.390493799999994,-71.15387059999998,42.3995663,-71.14827129999998,Concord Ave,MA-2A/Concord Tpke
452,455,454.0,139.0,14752.4075,129+04864,MA-16,Eastbound,CAMBRIDGE,MA-2A/Concord Tpke,US-3/MA-2A/Massachusetts Ave,0.336208680690784,4.0,30,24.872255906334928,15.617788461538462,0.13862772103530774,1.2061632090380283,0.8290751968778312,5.21848212418984,15.995323055603672,12.205243868057513,0.5887338370857842,1.87554823967685,0.5331774351867891,36.86471505283215,42.3995663,-71.14827129999998,42.3725789,-71.1160797,MA-2A/Concord Tpke,US-3/MA-2A/Massachusetts Ave
453,456,455.0,139.0,15301.7052,129+04865,MA-16,Eastbound,"CAMBRIDGE, SOMERVILLE",US-3/MA-2A/Massachusetts Ave,Broadway,0.4448762274825751,4.0,30,29.11708301791572,16.4,0.08258948215721572,1.0990111880475946,0.970569433930524,0.2271006813020439,26.00786713286713,15.75925925925926,0.1921839734266116,1.2303969347628811,0.8669289044289045,3.9650349650349646,42.3725789,-71.1160797,42.398378799999996,-71.10759139999998,US-3/MA-2A/Massachusetts Ave,Broadway
454,457,456.0,139.0,16014.6523,129+04866,MA-16,Eastbound,SOMERVILLE,Broadway,Powder House Blvd,0.17440890109357202,4.0,30,28.39631816602987,15.818181818181818,0.007671282423058978,1.0212591586853084,0.9465439388676624,0.4584925321292115,28.23758865248227,16.458333333333332,0.009742796745755513,1.0269998744191888,0.9412529550827424,0.729483282674772,42.398378799999996,-71.10759139999998,42.404957200000005,-71.12469370000001,Broadway,Powder House Blvd
455,458,457.0,139.0,16385.6109,129+04867,MA-16,Eastbound,SOMERVILLE,Powder House Blvd,Boston Ave,0.5607841148512729,4.0,30,29.894835241878944,17.25,0.07404349358847727,1.0704190118824266,0.9964945080626316,0.05608787099789672,29.64019413192146,16.153846153846153,0.08371286548394696,1.079615061142164,0.9880064710640488,0.17207147584381205,42.404957200000005,-71.12469370000001,42.4051924,-71.1156018,Powder House Blvd,Boston Ave
458,461,460.0,139.0,19092.1822,129+04870,MA-16,Eastbound,MEDFORD,MA-38/Main St,MA-16/Mystic Valley Pkwy,0.0252967795593095,2.0,30,42.510814635132405,16.5,-0.001315662164785264,1.0,1.4170271545044135,0.02425712553062461,41.386480529022776, ,-0.000345701889226023,1.0,1.379549350967426,,42.4071939,-71.10877420000001,42.4189407,-71.1147835,MA-38/Main St,MA-16/Mystic Valley Pkwy
459,462,461.0,139.0,19126.1222,129+04871,MA-16,Eastbound,MEDFORD,MA-16/Mystic Valley Pkwy,I-93,0.107001422250024,1.0,30,41.046822076110786, ,0.0,1.0,1.3682274025370258,,40.86204938972468, ,0.0,1.0,1.3620683129908222,,42.4189407,-71.1147835,42.41847810000001,-71.1039393,MA-16/Mystic Valley Pkwy,I-93
460,463,462.0,139.0,20334.53,129+05784,MA-16,Eastbound,MEDFORD,I-93,MA-28/Fellsway,1.01267158623581,2.0,35,23.714053734868607,15.094505494505494,0.5368630135086376,1.2650726162388959,0.6775443924248176,8.060230292294065,24.79193524209264,15.687224669603523,0.42546571278988976,1.2100709245587622,0.7083410069169326,2.041672912606806,42.41847810000001,-71.1039393,42.409396799999996,-71.0844025,I-93,MA-28/Fellsway
461,464,463.0,139.0,22119.8258,129+05785,MA-16,Eastbound,"EVERETT, MEDFORD",MA-28/Fellsway,MA-99/Broadway,1.09224573418658,3.0,35,33.111143270622286, ,0.0,0.996643327301812,0.9460326648749224,,30.64821845794393,14.666666666666666,0.1523875232792129,1.0767346899880406,0.8756633845126837,0.2102803738317757,42.409396799999996,-71.0844025,42.4085154,-71.05415789999998,MA-28/Fellsway,MA-99/Broadway
462,465,464.0,139.0,24250.7718,129+05786,MA-16,Eastbound,"CHELSEA, EVERETT",MA-99/Broadway,US-1/Northeast Expy (Chelsea),1.40317053094597,3.0,35,21.354778621579023,16.917293233082706,0.9356599798755032,1.3111819371288624,0.610136532045115,10.290872617853562,17.168380105584884,15.813290503914876,1.897001898437774,1.6309051772969299,0.4905251458738538,41.519866629619344,42.4085154,-71.05415789999998,42.39778829999999,-71.03992840000001,MA-99/Broadway,US-1/Northeast Expy (Chelsea)
463,466,465.0,139.0,26505.5125,129+05787,MA-16,Eastbound,"CHELSEA, REVERE",US-1/Northeast Expy (Chelsea),US-1/Northeast Expy (Revere),0.343400773439468,3.0,35,25.19756785336623,16.30441400304414,0.2453651860217028,1.4287093186730178,0.7199305100961779,6.947479732111385,26.38970208369209,16.457142857142856,0.20842623427992635,1.364168488368299,0.7539914881054884,5.42448768727398,42.4096088,-71.02766779999999,42.4096088,-71.02766779999999,US-1/Northeast Expy (Chelsea),US-1/Northeast Expy (Revere)
465,468,467.0,139.0,28026.0546,129+05789,MA-16,Eastbound,REVERE,MA-107/Broadway,MA-1A/Lee Burbank Hwy,0.911354960306831,3.0,45,27.60883822610868,17.202380952380953,0.32356318681945817,1.1952694180660273,0.6135297383579706,2.3610243597751404,24.091950415816733,15.446927374301676,0.6126825867399024,1.3697521134833073,0.5353766759070383,10.11140750039228,42.410186200000005,-71.01225809999998,42.39757300000001,-71.00812739999998,MA-107/Broadway,MA-1A/Lee Burbank Hwy
466,469,468.0,140.0,0.0,129-05788,MA-16,Westbound,REVERE,MA-1A/Lee Burbank Hwy,MA-107/Broadway,0.738606404960713,2.0,30,32.210105416212286,16.22222222222222,0.07243037111785045,1.0555693488319602,1.0736701805404096,0.19629225736095965,32.07313903842584,15.555555555555555,0.07830586904268366,1.0600770931484331,1.0691046346141948,0.10024132170038982,42.39757300000001,-71.00812739999998,42.410186200000005,-71.01225809999998,MA-1A/Lee Burbank Hwy,MA-107/Broadway
467,470,469.0,140.0,1856.2981,129-05787,MA-16,Westbound,"CHELSEA, REVERE",MA-107/Broadway,US-1/Northeast Expy (Revere),0.30102353895021194,2.0,35,43.76505823627288,17,0.011325520254312438,1.0282175281719057,1.2504302353220822,0.029950083194675545,43.87518656716419, ,0.01028965258659065,1.0256366643846393,1.2535767590618336,,42.39917699999999,-71.0229301,42.4096088,-71.02766779999999,MA-107/Broadway,US-1/Northeast Expy (Revere)
468,471,470.0,140.0,2526.6933,129-05786,MA-16,Westbound,CHELSEA,US-1/Northeast Expy (Revere),US-1/Northeast Expy (Chelsea),0.203090006623168,3.0,35,18.631544287125454,14.109120521172638,0.2847653245702345,1.7711897356143078,0.5323298367750129,30.32597958511689,24.77407892276043,15.22271714922049,0.12260632804346365,1.3320374130915626,0.7078308263645836,10.076678511314755,42.4096088,-71.02766779999999,42.397849900000004,-71.03754049999998,US-1/Northeast Expy (Revere),US-1/Northeast Expy (Chelsea)
469,472,471.0,140.0,2829.0525,129-05785,MA-16,Westbound,"CHELSEA, EVERETT",US-1/Northeast Expy (Chelsea),MA-99/Broadway,1.52714373733519,3.0,35,19.505060444194545,15.810695187165775,1.3040319615860758,1.3842561563574256,0.5572874412627012,23.657576609502392,19.696912867859204,16.320562560620758,1.2582754410842971,1.3707731856832115,0.5627689390816916,17.847663012117714,42.39778829999999,-71.03992840000001,42.4085154,-71.05415789999998,US-1/Northeast Expy (Chelsea),MA-99/Broadway
470,473,472.0,140.0,5531.8562,129-05784,MA-16,Westbound,"EVERETT, MEDFORD",MA-99/Broadway,MA-28/Fellsway,0.993359019212658,3.0,35,13.492528897659993,10.23076923076923,2.714472439252169,2.5940281666597014,0.3855008256474285,47.60924725119821,24.94146930155377,15.518567639257295,0.6867552005874924,1.4032854110090305,0.7126134086158222,6.824558756976919,42.4085154,-71.05415789999998,42.409396799999996,-71.0844025,MA-99/Broadway,MA-28/Fellsway
471,474,473.0,140.0,7301.0056,129-04871,MA-16,Westbound,MEDFORD,MA-28/Fellsway,I-93,1.22576491142501,2.0,35,30.40320344986909,16.612903225806452,0.04656972785139192,1.0196293969849246,0.8686629557105454,0.2864623440628369,31.30510153541357, ,0.0,1.0,0.8944314724403877,,42.409396799999996,-71.0844025,42.41847810000001,-71.1039393,MA-28/Fellsway,I-93
472,475,474.0,140.0,9727.2651,129-04870,MA-16,Westbound,MEDFORD,I-93,MA-16/Mystic Valley Pkwy,0.3451385125570089,3.0,45,42.72302810516772,14.356521739130434,0.05328760364621871,1.1235158678790835,0.9494006245592826,1.5639165911151405,39.10847208619001,13.351063829787234,0.09808644249026928,1.2273555431726968,0.8690771574708892,1.3809990205680704,42.41847810000001,-71.1039393,42.4189407,-71.1147835,I-93,MA-16/Mystic Valley Pkwy
475,478,477.0,140.0,12110.9738,129-04866,MA-16,Westbound,SOMERVILLE,Boston Ave,Powder House Blvd,0.566898121980514,4.0,30,29.116918312040266,16.076923076923077,0.0709607712180953,1.0646731109308727,0.9705639437346754,0.3019744483159117,30.15090641842234,17,0.03089937962461908,1.0281614612109593,1.0050302139474114,0.058794708476237134,42.4051924,-71.1156018,42.404957200000005,-71.12469370000001,Boston Ave,Powder House Blvd
476,479,478.0,140.0,13088.2468,129-04865,MA-16,Westbound,SOMERVILLE,Powder House Blvd,Broadway,0.18036093725594304,4.0,30,24.520677518697767,12.876826722338205,0.08060590801389211,1.2234572220577549,0.8173559172899252,6.322041355037396,28.08709338929696,13.242857142857142,0.024567414250202424,1.0681062502334966,0.9362364463098986,1.4690451206715636,42.404957200000005,-71.12469370000001,42.398378799999996,-71.10759139999998,Powder House Blvd,Broadway
477,480,479.0,140.0,13374.9001,129-04864,MA-16,Westbound,"CAMBRIDGE, SOMERVILLE",Broadway,US-3/MA-2A/Massachusetts Ave,0.4454463299306379,4.0,30,17.509558567952727,12.657472738935216,0.6911989596207831,1.827573200992556,0.5836519522650909,32.51303441084463,27.637412775093928,16.71951219512195,0.13183884677566093,1.1578507822135042,0.9212470925031312,1.320450885668277,42.398378799999996,-71.10759139999998,42.3725789,-71.1160797,Broadway,US-3/MA-2A/Massachusetts Ave
478,481,480.0,140.0,14101.6636,129-04863,MA-16,Westbound,CAMBRIDGE,US-3/MA-2A/Massachusetts Ave,MA-2/Concord Tpke,0.356105240721076,4.0,30,20.78869690424766,11.764006791171477,0.36008784660410365,1.5392980208134923,0.6929565634749221,19.082073434125267,26.49365628604383,14.166153846153847,0.13877174732279196,1.2078363082281236,0.883121876201461,4.498269896193771,42.3725789,-71.1160797,42.3995663,-71.14827129999998,US-3/MA-2A/Massachusetts Ave,MA-2/Concord Tpke
479,482,481.0,140.0,14815.7152,129-04877,MA-16,Westbound,CAMBRIDGE,MA-2/Concord Tpke,Concord Ave,0.635472918055558,2.0,30,12.018324220481752,11.324748743718592,1.8577485392066124,2.4129819988195944,0.4006108073493917,56.4622432392493,22.71253664424901,15.48078431372549,0.3639654213969095,1.2768278794320855,0.7570845548083003,13.191929643041902,42.3995663,-71.14827129999998,42.390493799999994,-71.15387059999998,MA-2/Concord Tpke,Concord Ave
480,483,482.0,140.0,15914.1259,129-04876,MA-16,Westbound,CAMBRIDGE,Concord Ave,Concord Ave/New St,0.156791080164716,2.0,30,19.511664345403894,15.921782628467485,0.13372106438892462,1.3837876422038808,0.6503888115134634,22.97005571030641,22.74325980392157,15.90923317683881,0.06521286346204236,1.1871649109572433,0.7581086601307189,7.830882352941178,42.390493799999994,-71.15387059999998,42.3891336,-71.1445147,Concord Ave,Concord Ave/New St
481,484,483.0,140.0,16174.7253,129-04875,MA-16,Westbound,CAMBRIDGE,Concord Ave/New St,MA-16/Huron Ave,0.51030161182643,4.0,30,22.392987098908367,14.494426751592357,0.46677513227601497,1.5183324962330491,0.7464329032969456,12.464439298709893,26.964532557293573,14.421588594704684,0.2349629223458245,1.260915609338217,0.8988177519097854,5.358312113495817,42.3891336,-71.1445147,42.3806841,-71.1412809,Concord Ave/New St,MA-16/Huron Ave
482,485,484.0,140.0,16992.6442,129-08996,MA-16,Westbound,"CAMBRIDGE, WATERTOWN",MA-16/Huron Ave,Mount Auburn St,0.4065350038410901,1.0,30,24.217770725902422,16.608695652173914,0.0690407113715078,1.0735917972908786,0.8072590241967473,1.0948036493454978,24.223173140223828,15.714285714285714,0.06881607923529133,1.0733523576572903,0.8074391046741277,0.8294930875576038,42.3806841,-71.1412809,42.37488629999999,-71.14850489999998,MA-16/Huron Ave,Mount Auburn St
483,486,485.0,140.0,17721.8297,129-08995,MA-16,Westbound,CAMBRIDGE,Mount Auburn St,Belmont St,0.187543644123528,4.0,30,22.377557755775577,15.406976744186046,0.0,1.0,0.7459185918591859,5.108910891089109,21.467018469656992,16.07831325301205,0.0,1.0,0.7155672823218997,4.379947229551451,42.374826500000005,-71.13802290000001,42.3749186,-71.1518973,Mount Auburn St,Belmont St
486,489,488.0,140.0,21305.8758,129-08992,MA-16,Westbound,"NEWTON, WATERTOWN",Galen St,Adams St,0.916181132172998,2.0,30,23.222557297949336,16.76,0.0,1.0,0.7740852432649779,0.4523522316043426,21.619109606873213,16.625,0.15266031807094071,1.0638736015607126,0.7206369868957736,3.8739911481385065,42.3621504,-71.1858433,42.3590796,-71.20114339999998,Galen St,Adams St
567,570,569.0,147.0,0.0,129+08673,MA-1A,Northbound,BOSTON,Swift St,Boardman St,0.584388829123311,2.0,45,42.702144188937226,15.6,0.0056877578064898895,1.0069751956657,0.9489365375319384,0.04661280298321939,15.11956195619562,12.350282485875706,1.5036442031176938,2.8439977378034866,0.335990265693236,46.2016201620162,42.381006400000004,-71.0221504,42.389261100000006,-71.0107665,Swift St,Boardman St
568,571,570.0,147.0,1009.1871,129+08674,MA-1A,Northbound,"BOSTON, REVERE",Boardman St,MA-145/Revere Beach Pkwy,0.8752243052393051,2.0,40,35.780279010779964,16.444444444444443,0.08573175007632837,1.0620375539428095,0.8945069752694991,0.08560558021559925,29.77257580806398,17.266666666666666,0.3818866732673472,1.2763423710792132,0.7443143952015995,0.2999000333222259,42.389261100000006,-71.0107665,42.4036005,-71.00827890000001,Boardman St,MA-145/Revere Beach Pkwy
569,572,571.0,147.0,2744.48,129+08675,MA-1A,Northbound,REVERE,MA-145/Revere Beach Pkwy,MA-60/Beach St/American Legion Hwy,0.292237074853258,2.0,30,28.36883464303628,16.852941176470587,0.08674039882213047,1.163248346829803,0.9456278214345428,0.6821601738839659,13.124766355140189,11.739552107212132,0.8046245597111327,2.514330473172642,0.43749221183800624,53.0,42.4036005,-71.00827890000001,42.41166399999999,-71.001145,MA-145/Revere Beach Pkwy,MA-60/Beach St/American Legion Hwy
594,597,596.0,148.0,21770.2582,129-08674,MA-1A,Southbound,REVERE,MA-60/Beach St/American Legion Hwy,MA-145/Revere Beach Pkwy,0.296504830648098,2.0,30,18.33349498868413,10.193932520555713,0.4620768940526795,1.909074075706941,0.6111164996228042,34.20950533462657,34.88442764918911,16,0.0016839815330158547,1.0033130069374545,1.1628142549729703,0.028341993386868214,42.41166399999999,-71.001145,42.4036005,-71.00827890000001,MA-60/Beach St/American Legion Hwy,MA-145/Revere Beach Pkwy
595,598,597.0,148.0,22335.3529,129-08673,MA-1A,Southbound,"BOSTON, REVERE",MA-145/Revere Beach Pkwy,Boardman St,0.881132704150515,2.0,40,12.935511363636365,11.863277011316075,2.797578270327132,3.1695693233479023,0.3233877840909091,54.98011363636364,33.55171835708298,16.5,0.2862529936670131,1.221994044050046,0.8387929589270746,0.22129086336965634,42.4036005,-71.00827890000001,42.389261100000006,-71.0107665,MA-145/Revere Beach Pkwy,Boardman St
596,599,598.0,148.0,24078.062,129-08672,MA-1A,Southbound,BOSTON,Boardman St,Swift St,0.6303798921890429,2.0,45,42.54870224555264,14.92,0.029320483684243226,1.0341090956446048,0.9455267165678364,0.2187226596675416,41.59175489252486,15.461538461538462,0.04977306292615746,1.0579019835469352,0.9242612198338858,0.12512030798845045,42.389261100000006,-71.0107665,42.381006400000004,-71.0221504,Boardman St,Swift St
648,651,650.0,151.0,38857.7396,129+05387,US-20,Eastbound,"BOSTON, WATERTOWN",MA-16/Galen St,I-90/Massachusetts Tpke/Leo M Birmingham Pkwy,1.64179367482551,2.0,30,26.25291275930662,16.992957746478872,0.3554403984240788,1.1046393314859717,0.8750970919768873,1.2105711849957377,27.53608903020668, ,0.18058606663130794,1.053163358390781,0.9178696343402226,,42.3624259,-71.18590850000002,42.358508799999996,-71.1497661,MA-16/Galen St,I-90/Massachusetts Tpke/Leo M Birmingham Pkwy
649,652,651.0,151.0,41589.8776,129+06282,US-20,Eastbound,BOSTON,I-90/Massachusetts Tpke/Leo M Birmingham Pkwy,Market St,0.287847886059665,2.0,30,22.93577981651376,16.06280193236715,0.0,1.0,0.764525993883792,3.929136349256564,23.94260485651214,15.833333333333334,0.0,1.0,0.7980868285504047,0.9536423841059604,42.358508799999996,-71.1497661,42.3538906,-71.15051310000003,I-90/Massachusetts Tpke/Leo M Birmingham Pkwy,Market St
650,653,652.0,151.0,42058.1123,129+06283,US-20,Eastbound,BOSTON,Market St,Cambridge St,0.624204614902,2.0,30,21.235776058261266,16.319101123595505,0.0,1.0,0.7078592019420422,6.0764679107874375,20.482594465932767,15.81764705882353,0.0,1.0,0.6827531488644253,6.0696221362689675,42.3538906,-71.15051310000003,42.3612458,-71.06552769999998,Market St,Cambridge St
651,654,653.0,151.0,43107.7501,129+05388,US-20,Eastbound,BOSTON,Cambridge St,Harvard Ave,0.24506607495401606,2.0,30,20.314981471678138,16.196679438058748,0.0,1.0,0.6771660490559379,12.43515087347803,20.016304347826086,16.781045751633986,0.0,1.0,0.6672101449275362,19.95652173913044,42.3612458,-71.06552769999998,42.3520069,-71.13180140000001,Cambridge St,Harvard Ave
652,655,654.0,151.0,43532.1448,129+06284,US-20,Eastbound,BOSTON,Harvard Ave,I-90/Massachusetts Tpke (Boston),1.106069790775,2.0,30,18.81683006535948,16.706455951580363,0.03400070389065135,1.0097343672661276,0.6272276688453159,29.15686274509804,18.58868813825609,16.7455223880597,0.07728632791343193,1.0221269978109655,0.6196229379418696,25.26315789473684,42.3520069,-71.13180140000001,42.34789929999999,-71.0972694,Harvard Ave,I-90/Massachusetts Tpke (Boston)
653,656,655.0,151.0,45326.0615,129+06290,US-20,Eastbound,BOSTON,I-90/Massachusetts Tpke (Boston),MA-2/University Rd,0.0223895309163347,2.0,30,23.69966791199668,14.00361663652803,0.006928637855733881,1.1392564697639795,0.7899889303998894,6.88667496886675,23.869906542056075,14.491379310344827,0.006524377287841693,1.131131366284533,0.7956635514018692,2.601869158878505,42.34789929999999,-71.0972694,42.351076500000005,-71.1095545,I-90/Massachusetts Tpke (Boston),MA-2/University Rd
654,657,656.0,151.0,45379.3791,129+05389,US-20,Eastbound,BOSTON,MA-2/University Rd,Fenway/Beacon St/Boylston St,0.8617881888670859,2.0,30,20.31044126786824,16.664143152099104,0.5571057820287524,1.2801297449471378,0.6770147089289414,13.545680546923554,18.969607691114906,15.85381091211995,0.7370545826883586,1.3706134793803897,0.6323202563704967,22.33834703054737,42.351076500000005,-71.1095545,42.342439399999996,-71.12060919999998,MA-2/University Rd,Fenway/Beacon St/Boylston St
655,658,657.0,152.0,0.0,129-06290,US-20,Westbound,BOSTON,Fenway/Beacon St/Boylston St,MA-2/University Rd,0.8730506722881949,2.0,30,19.503324570898407,16.815687955422202,0.4083283548897105,1.1792861220347581,0.6501108190299469,21.645276016700173,18.324848672978426,15.711348057882711,0.5810562024436017,1.2551263265772823,0.6108282890992809,24.45444668632625,42.342439399999996,-71.12060919999998,42.351076500000005,-71.1095545,Fenway/Beacon St/Boylston St,MA-2/University Rd
656,659,658.0,152.0,1506.481,129-06284,US-20,Westbound,BOSTON,MA-2/University Rd,I-90/Massachusetts Tpke (Boston),0.0447358958675235,2.0,30,19.16392978482446,14.994368463395013,0.0,1.0,0.6387976594941487,21.11551528878822,22.62479759426324,13.726384364820847,0.0,1.0,0.7541599198087747,4.260929909784872,42.351076500000005,-71.1095545,42.34789929999999,-71.0972694,MA-2/University Rd,I-90/Massachusetts Tpke (Boston)
657,660,659.0,152.0,1589.302,129-05388,US-20,Westbound,BOSTON,I-90/Massachusetts Tpke (Boston),Harvard Ave,1.08491386921816,2.0,30,21.45804195804196,16.771428571428572,0.0,1.0,0.7152680652680652,7.0089001907183714,21.51963693489265,16.444991789819376,0.0,1.0,0.7173212311630884,6.378076453133183,42.34789929999999,-71.0972694,42.3520069,-71.13180140000001,I-90/Massachusetts Tpke (Boston),Harvard Ave
658,661,660.0,152.0,3357.9227,129-06283,US-20,Westbound,BOSTON,Harvard Ave,Cambridge St,0.235717516045019,2.0,30,21.58521913491836,15.768539325842697,0.0,1.0,0.7195073044972787,7.648238327126897,21.483569699066067,15.828313253012048,0.0,1.0,0.7161189899688689,6.890349360083016,42.3520069,-71.13180140000001,42.3612458,-71.06552769999998,Harvard Ave,Cambridge St
659,662,661.0,152.0,3778.8568,129-06282,US-20,Westbound,BOSTON,Cambridge St,Market St,0.624169816615259,2.0,30,21.425241864555847,16.166336633663366,0.0,1.0,0.7141747288185283,6.662269129287598,21.378590867856055,16.124590163934425,0.0,1.0,0.7126196955952021,5.533716359237982,42.3612458,-71.06552769999998,42.3538906,-71.15051310000003,Cambridge St,Market St
660,663,662.0,152.0,4807.9131,129-05387,US-20,Westbound,BOSTON,Market St,I-90/Massachusetts Tpke/Leo M Birmingham Pkwy,0.283418663279748,2.0,30,25.15079043372517,15.94059405940594,0.0,1.0,0.8383596811241725,2.456424807458452,26.56495607951918,15,0.0,1.0,0.8854985359839728,0.027739251040221912,42.3538906,-71.15051310000003,42.358508799999996,-71.1497661,Market St,I-90/Massachusetts Tpke/Leo M Birmingham Pkwy
661,664,663.0,152.0,5308.3595,129-05386,US-20,Westbound,"BOSTON, WATERTOWN",I-90/Massachusetts Tpke/Leo M Birmingham Pkwy,MA-16/Galen St,1.65921665722519,2.0,30,24.876396015695747,17.387096774193548,0.3147579114205952,1.0853662235865826,0.8292132005231915,1.1228493812254754,24.65652509652509,16.77027027027027,0.3504443171770513,1.0950448165060038,0.8218841698841699,0.6857142857142857,42.358508799999996,-71.1497661,42.3624259,-71.18590850000002,I-90/Massachusetts Tpke/Leo M Birmingham Pkwy,MA-16/Galen St
684,687,686.0,153.0,1581.942,129-08429,Jamaicaway,Eastbound,BOSTON,Perkins St,MA-203/Pond St/Arborway,0.7400189585402059,4.0,30,28.43239595050619,15.970588235294118,0.1293442110297358,1.0903055814910352,0.9477465316835396,0.4589426321709786,24.72386776227785,16.50278293135436,0.3635867734755232,1.2538491266038023,0.8241289254092617,6.180011465698452,42.32121490000001,-71.1181933,42.306776899999996,-71.11920099999998,Perkins St,MA-203/Pond St/Arborway
685,688,687.0,153.0,2770.3369,129-08377,MA-203,Eastbound,BOSTON,MA-203/Pond St/Arborway,Centre St,0.310710090537768,2.0,30,30.108060619371837,17.2,0.0,1.0,1.003602020645728,0.13178124313639358,29.30463083503812,17.842105263157894,0.0,1.0,0.9768210278346042,0.2120141342756184,42.3134085,-71.1211002,42.297874900000004,-71.1302676,MA-203/Pond St/Arborway,Centre St
686,689,688.0,153.0,3311.8693,129-08375,MA-203,Eastbound,BOSTON,Centre St,Forest Hills St,1.13775972282151,2.0,30,34.5578165374677,13.625,0.02495686115989937,1.0127954687777476,1.1519272179155902,0.07751937984496124,31.113757983773517,15.770833333333334,0.24361898818458985,1.1249042953362702,1.0371252661257842,0.9943034697048159,42.297874900000004,-71.1302676,42.3063988,-71.10273609999999,Centre St,Forest Hills St
691,694,693.0,153.0,9900.9399,129-08370,MA-203,Eastbound,BOSTON,Dorchester Ave,Adams St,0.363968000392412,4.0,30,30.083109118086696,15.608695652173912,0.0641649672751261,1.0969610843900306,1.0027703039362232,0.4125560538116592,28.994694960212197,16.206349206349206,0.09141502159704963,1.1381392370322936,0.9664898320070734,1.0026525198938991,42.3335421,-71.0497068,42.3744086,-71.0594442,Dorchester Ave,Adams St
696,699,698.0,154.0,1852.5589,129+08371,MA-203,Westbound,BOSTON,Adams St,Dorchester Ave,0.364061812688642,4.0,30,29.66423547798906,15.25,0.09390311257110673,1.1461613438589406,0.9888078492663019,0.5001302422505861,30.594873756694717,15.5,0.0715042758525628,1.1112972804001249,1.0198291252231573,0.13771996939556236,42.3744086,-71.0594442,42.3335421,-71.0497068,Adams St,Dorchester Ave
701,704,703.0,154.0,7204.0638,129+08377,MA-203,Westbound,BOSTON,Forest Hills St,Centre St,1.07233535109306,2.0,30,29.41525710419485,14.324894514767932,0.4483822013703871,1.2578506408745105,0.9805085701398286,4.8105548037889045,35.072564324949404, ,0.0955636045298376,1.0549556530053743,1.1690854774983137,,42.3063988,-71.10273609999999,42.297874900000004,-71.1302676,Forest Hills St,Centre St
702,705,704.0,154.0,8981.6497,129+08378,MA-203,Westbound,BOSTON,Centre St,Jamaicaway,0.3367498736112769,2.0,30,26.776434558349447,15.705405405405406,0.03297426433464423,1.0456956074186887,0.8925478186116483,3.5783365570599615,29.33645041885837, ,0.0,1.0,0.9778816806286122,,42.297874900000004,-71.1302676,42.323691700000005,-71.1149777,Centre St,Jamaicaway
703,706,705.0,154.0,9520.1038,129+08430,Jamaicaway,Northbound,BOSTON,Jamaicaway,Perkins St,0.6871870728283629,4.0,30,21.272481862662392,13.702504581551619,0.5638681636278859,1.4102726796846496,0.7090827287554131,16.571621393622404,27.574502545117998,16.92,0.12089215342657945,1.0879616033295014,0.9191500848372668,1.041184636742249,42.323691700000005,-71.1149777,42.32121490000001,-71.1181933,Jamaicaway,Perkins St
784,787,786.0,159.0,1827.1251,129+05814,MA-28,Northbound,SOMERVILLE,Somerville Ave,I-93 (Somerville),1.3764991911982398,3.0,35,27.68709725760527,17.318181818181817,0.0,1.0,0.7910599216458649,0.19781207852540086,20.4,14.937779990044799,0.7449289740602247,1.2254901960784317,0.5828571428571429,17.687454145267793,42.3821249,-71.1024254,42.39588440000001,-71.088666,Somerville Ave,I-93 (Somerville)
785,788,787.0,159.0,4038.4271,129+05815,MA-28,Northbound,"MEDFORD, SOMERVILLE",I-93 (Somerville),Mystic Valley Pkwy/Revere Beach Pkwy,0.608008322484056,3.0,35,25.680526900491987,16.993031358885016,0.28053544129248675,1.2460803520112722,0.7337293400140568,2.732899539755594,18.743585850918482,14.121501481725387,0.8062768304825867,1.707250696559321,0.5355310243119564,27.663579778351306,42.41847810000001,-71.1039393,42.417025,-71.128711,I-93 (Somerville),Mystic Valley Pkwy/Revere Beach Pkwy
786,789,788.0,159.0,5395.2937,129+05816,MA-28,Northbound,"MALDEN, MEDFORD",Mystic Valley Pkwy/Revere Beach Pkwy,I-93 (Medford),2.2408644489007004,2.0,30,28.930882998974962,17.88888888888889,0.3101905075185689,1.0715193173018036,0.9643627666324986,0.07907453507102065,26.63267445342917,16.50625,0.71122322279043,1.1639837393802748,0.8877558151143057,1.4375561545372868,42.4062939,-71.09229300000001,42.41847810000001,-71.1039393,Mystic Valley Pkwy/Revere Beach Pkwy,I-93 (Medford)
801,804,803.0,160.0,20120.9466,129-05815,MA-28,Southbound,"MALDEN, MEDFORD",I-93 (Medford),Mystic Valley Pkwy/Revere Beach Pkwy,2.3133323369404,2.0,30,24.031124079477557,16.188925081433226,1.1491758468278563,1.2483810537027615,0.8010374693159187,5.11879949979158,27.084092501751922, ,0.4981125438696479,1.1076612590235195,0.9028030833917308,,42.41847810000001,-71.1039393,42.4062939,-71.09229300000001,I-93 (Medford),Mystic Valley Pkwy/Revere Beach Pkwy
802,805,804.0,160.0,24041.8349,129-05814,MA-28,Southbound,"MEDFORD, SOMERVILLE",Mystic Valley Pkwy/Revere Beach Pkwy,I-93 (Somerville),0.594506234146547,3.0,35,17.48678094131319,12.934685215751003,1.0206943939430615,2.001511891609002,0.4996223126089482,36.963974433468906,29.675161521895188,16.39344262295082,0.18287442188045847,1.1794375566979136,0.8478617577684341,0.6568557071069634,42.417025,-71.128711,42.41847810000001,-71.1039393,Mystic Valley Pkwy/Revere Beach Pkwy,I-93 (Somerville)
803,806,805.0,160.0,25423.6038,129-06490,MA-28,Southbound,SOMERVILLE,I-93 (Somerville),Somerville Ave,1.39320073542527,3.0,35,18.334286531312554,14.642051030421982,1.3442503715515466,1.4181080870311158,0.5238367580375015,34.9671146697169,25.884532314337932,17.515151515151516,0.014342066643864282,1.0044608758721172,0.7395580661239408,0.3289582987207177,42.39588440000001,-71.088666,42.3821249,-71.1024254,I-93 (Somerville),Somerville Ave
822,825,824.0,161.0,23376.6551,129+05582,MA-28,Northbound,BOSTON,Centre St/Ritchie St,Tremont St (Boston),0.6611754024464879,3.0,30,20.00564174894217,14.785509325681492,0.5661624034727297,1.3996051889452903,0.6668547249647391,14.746121297602258,25.125299629548927,16.193675889328063,0.16210307103966182,1.1144145706851691,0.8375099876516306,3.3079102200915242,42.3220462,-71.0969693,42.34051700000001,-71.0780637,Centre St/Ritchie St,Tremont St (Boston)
823,826,825.0,161.0,24442.1426,129+06479,MA-28,Northbound,BOSTON,Tremont St (Boston),Melnea Cass Blvd,0.4192452388804699,3.0,30,20.6159279533816,15.176360225140712,0.32177655369487623,1.3581731592832424,0.6871975984460533,11.294366943316266,22.71434409480997,14.437926330150068,0.20905475255401296,1.232701234212515,0.7571448031603324,8.986514098896608,42.34051700000001,-71.0780637,42.332908200000006,-71.0809474,Tremont St (Boston),Melnea Cass Blvd
824,827,826.0,161.0,25223.3444,129+05583,MA-28,Northbound,BOSTON,Melnea Cass Blvd,Massachusetts Ave,0.479336917166985,1.0,30,20.07070707070707,17.330645161290324,0.0,1.0,0.669023569023569,3.197936814958092,19.68883528600965,17.123076923076923,0.0,1.0,0.6562945095336551,4.031702274293592,42.332908200000006,-71.0809474,42.40147280000001,-71.13703829999999,Melnea Cass Blvd,Massachusetts Ave
825,828,827.0,161.0,26009.7442,129+05811,MA-28,Northbound,BOSTON,Massachusetts Ave,MA-2/Beacon St,1.6142731244079798,1.0,30,17.08654367878459,16.9216509775525,0.2876665242894241,1.0534605674727298,0.5695514559594863,56.19913185024417,16.67203933888813,16.580955072054252,0.4286000774369798,1.079651963033362,0.5557346446296043,58.008468788416884,42.40147280000001,-71.13703829999999,42.3459906,-71.10683759999998,Massachusetts Ave,MA-2/Beacon St
826,829,828.0,162.0,0.0,129-05583,MA-28,Southbound,BOSTON,MA-2/MA-28/Beacon St,Massachusetts Ave,1.28984619783653,1.0,30,17.19100491918482,16.993242205498387,0.0,1.0,0.5730334973061607,54.90653548840478,17.08334532891896,16.92579944116734,0.0,1.0,0.5694448442972987,55.63840506693537,42.3459906,-71.10683759999998,42.40147280000001,-71.13703829999999,MA-2/MA-28/Beacon St,Massachusetts Ave
827,830,829.0,162.0,2078.3282,129-06479,MA-28,Southbound,BOSTON,Massachusetts Ave,Melnea Cass Blvd,0.48852827369491,1.0,30,20.86118479221928,17.40223463687151,0.0,1.0,0.6953728264073092,4.748010610079576,21.36959806588093,16.233576642335766,0.0,1.0,0.7123199355293643,2.484134179510426,42.40147280000001,-71.13703829999999,42.332908200000006,-71.0809474,Massachusetts Ave,Melnea Cass Blvd
828,831,830.0,162.0,2856.7933,129-05582,MA-28,Southbound,BOSTON,Melnea Cass Blvd,Tremont St (Boston),0.43298054743748,2.0,30,18.352635228848825,15.355143870713441,0.4163510467753009,1.416690283209583,0.6117545076282941,26.390429958391124,19.542341977309558,12.994031830238727,0.3301754064712405,1.3304444283181804,0.6514113992436521,18.330632090761753,42.332908200000006,-71.0809474,42.34051700000001,-71.0780637,Melnea Cass Blvd,Tremont St (Boston)
829,832,831.0,162.0,3646.1673,129-05581,MA-28,Southbound,BOSTON,Tremont St (Boston),Centre St/Ritchie St,0.659222397867933,3.0,30,24.38618618618619,16.55060728744939,0.15701827590852568,1.1071841982119546,0.8128728728728729,2.966966966966967,24.6058010511972,15.985294117647058,0.14254177692295533,1.0973022151898733,0.8201933683732399,4.765427292193888,42.34051700000001,-71.0780637,42.3220462,-71.0969693,Tremont St (Boston),Centre St/Ritchie St
894,897,896.0,167.0,20760.8724,129+08840,MA-30,Eastbound,NEWTON,Centre St,College Rd/Mount Alvernia Rd,1.10059103578009,2.0,30,25.34748717948717,15.236742424242424,0.5415992463934742,1.26245255687106,0.8449162393162393,6.498461538461537,27.23866666666667,16.96551724137931,0.3607198029245224,1.174800528660238,0.9079555555555556,0.5800000000000001,42.34219,-71.19147,42.338373,-71.1734439,Centre St,College Rd/Mount Alvernia Rd
895,898,897.0,167.0,22527.8078,129+08841,MA-30,Eastbound,"BOSTON, NEWTON",College Rd/Mount Alvernia Rd,Chestnut Hill Ave,1.04490468169329,2.0,30,25.32980886539244,16.133757961783438,0.1531081900949509,1.0659377709276563,0.8443269621797479,1.9154127694184628,25.477130044843047,16.96875,0.1387958484031877,1.0597739993663535,0.8492376681614351,0.5739910313901345,42.338373,-71.1734439,42.3421659,-71.1541344,College Rd/Mount Alvernia Rd,Chestnut Hill Ave
896,899,898.0,167.0,24244.5201,129+08842,MA-30,Eastbound,BOSTON,Chestnut Hill Ave,Harvard Ave,1.60692996890147,2.0,30,23.152579803252358,16.946428571428573,0.1470402998259912,1.0366015452251502,0.7717526601084119,0.6745633406946396,23.733,17.88888888888889,0.04519554014417615,1.0112501580078372,0.7911,0.13499999999999998,42.3421659,-71.1541344,42.3520069,-71.13180140000001,Chestnut Hill Ave,Harvard Ave
897,900,899.0,167.0,26852.973,129+08843,MA-30,Eastbound,BOSTON,Harvard Ave,US-20/Commonwealth Ave/Brighton Ave,0.3591084995225611,2.0,30,29.527090694935218,16,0.0,1.0,0.9842363564978406,0.1060070671378092,29.56481481481481,16.88888888888889,0.0,1.0,0.9854938271604936,0.3846153846153846,42.3520069,-71.13180140000001,42.3522223,-71.12607779999998,Harvard Ave,US-20/Commonwealth Ave/Brighton Ave
898,901,900.0,168.0,0.0,129-08842,MA-30,Westbound,BOSTON,US-20/Commonwealth Ave/Brighton Ave,Harvard Ave,0.363689229085644,2.0,30,27.57318070318888,15.866666666666667,0.0,1.0,0.9191060234396292,0.3679476696647589,27.14458804523425,17.444444444444443,0.0,1.0,0.9048196015078084,0.4361873990306947,42.3522223,-71.12607779999998,42.3520069,-71.13180140000001,US-20/Commonwealth Ave/Brighton Ave,Harvard Ave
899,902,901.0,168.0,582.3118,129-08841,MA-30,Westbound,BOSTON,Harvard Ave,Chestnut Hill Ave,1.60655553558821,2.0,30,22.948813708260108,17.263157894736842,0.183973469979553,1.0458056919674912,0.7649604569420034,0.7513181019332161,23.810617820552626,17.6,0.031945095988891836,1.0079536860771379,0.7936872606850874,0.09313877677739832,42.3520069,-71.13180140000001,42.3421659,-71.1541344,Harvard Ave,Chestnut Hill Ave
900,903,902.0,168.0,3164.8354,129-08840,MA-30,Westbound,"BOSTON, NEWTON",Chestnut Hill Ave,College Rd/Mount Alvernia Rd,1.04728203853083,2.0,30,24.85187032418953,16.358974358974358,0.0,1.0,0.8283956774729843,0.5835411471321696,25.219138755980854,16.46153846153846,0.0,1.0,0.8406379585326954,0.5598086124401914,42.3421659,-71.1541344,42.338373,-71.1734439,Chestnut Hill Ave,College Rd/Mount Alvernia Rd
901,904,903.0,168.0,4884.8092,129-08839,MA-30,Westbound,NEWTON,College Rd/Mount Alvernia Rd,Centre St,1.10057071862849,2.0,30,27.41643323996265,17.076923076923077,0.40752665831137946,1.2036576644075878,0.913881107998755,0.4855275443510738,26.687887779875908,16.75,0.4732774071665022,1.2365159907815466,0.8895962593291971,0.8416509306717022,42.338373,-71.1734439,42.34219,-71.19147,College Rd/Mount Alvernia Rd,Centre St
1051,1054,1053.0,183.0,4690.7672,129-08710,MA-60,Eastbound,BELMONT,Mill St/Trapelo Rd,Concord Ave,1.10461464039407,2.0,30,25.73789521918436,15.158730158730158,0.02595915858165565,1.0101836136398703,0.8579298406394786,1.1547273560409348,24.280101608806092,14.36,0.18056808317099948,1.070835716378144,0.8093367202935365,0.7620660457239627,42.391369,-71.19658969999998,42.3982823,-71.18143289999998,Mill St/Trapelo Rd,Concord Ave
1052,1055,1054.0,183.0,6555.4575,129-08709,MA-60,Eastbound,"ARLINGTON, BELMONT",Concord Ave,MA-2/Concord Tpke,0.8965103026686729,2.0,30,24.17849246231156,16.367164179104478,0.3698811237532245,1.1994130752859804,0.8059497487437185,4.040201005025127,22.510068507369727,14.895833333333334,0.5347759070432789,1.2883123829901044,0.7503356169123243,5.978824994810048,42.3982823,-71.18143289999998,42.4058613,-71.1644858,Concord Ave,MA-2/Concord Tpke
1053,1056,1055.0,183.0,8152.4619,129-08708,MA-60,Eastbound,ARLINGTON,MA-2/Concord Tpke,US-3/Massachusetts Ave,0.8390904955527609,2.0,35,23.176765147721586,16.299283154121863,0.4361878256632841,1.2512531328320804,0.6621932899349023,5.588382573860791,16.849270072992702,14.32249560632689,1.2519394672163082,1.7211428076331576,0.48140771637122,37.379562043795616,42.408414799999996,-71.17170870000001,42.4027448,-71.138438,MA-2/Concord Tpke,US-3/Massachusetts Ave
1058,1061,1060.0,183.0,13640.3986,129-08703,MA-60,Eastbound,MEDFORD,MA-38/Main St/Forest St,I-93,0.36692634563111104,2.0,20,18.873503533823733,17.674130538351594,0.0,1.0,0.9436751766911872,18.165296408481176,18.673870009897726,17.610633307271307,0.0,1.0,0.9336935004948861,25.318376773342127,42.4196947,-71.10939590000001,42.41847810000001,-71.1039393,MA-38/Main St/Forest St,I-93
1059,1062,1061.0,183.0,14291.8702,129-08702,MA-60,Eastbound,MEDFORD,I-93,MA-28/Fellsway,0.7873023120898021,2.0,25,22.103639358993558,16.66733466933868,0.168864625975381,1.085794045505671,0.8841455743597425,4.484049722929459,20.318909991742363,15.824875621890547,0.3565804804108228,1.1811657224601928,0.8127563996696945,9.958711808422793,42.41847810000001,-71.1039393,42.409396799999996,-71.0844025,I-93,MA-28/Fellsway
1060,1063,1062.0,183.0,15630.3738,129-08701,MA-60,Eastbound,"MALDEN, MEDFORD",MA-28/Fellsway,E Fellsway St,0.162390885109194,2.0,20,18.36105430583958,14.36100893326327,0.08777446232798497,1.1981882757681883,0.9180527152919792,25.94410361281527,16.554596360242652,13.495975469528554,0.1456805926931199,1.3289360562625965,0.8277298180121326,36.52356509566029,42.409396799999996,-71.0844025,42.409396799999996,-71.0844025,MA-28/Fellsway,E Fellsway St
1066,1069,1068.0,183.0,21911.1367,129-05791,MA-60,Eastbound,REVERE,US-1,MA-107/Broadway,0.8232138174655229,2.0,30,25.92739831158865,15.481781376518219,0.4938200991975141,1.349923335129087,0.8642466103862881,2.2747505755947808,24.33556171531061,17.296137339055793,0.6184327320181768,1.43822445561139,0.8111853905103538,2.2794717104190445,42.407585600000004,-71.0258748,42.410186200000005,-71.01225809999998,US-1,MA-107/Broadway
1067,1070,1069.0,183.0,23411.5687,129-05790,MA-60,Eastbound,REVERE,MA-107/Broadway,MA-1A/Lee Burbank Hwy,0.866950215271083,2.0,30,17.284608237844537,12.135286284953395,1.2755408133949733,1.7356482476886692,0.5761536079281512,34.886961907711374,24.601149025069642,17.135416666666668,0.3805135288732007,1.2194552363968325,0.8200383008356547,3.0083565459610027,42.410186200000005,-71.01225809999998,42.39757300000001,-71.00812739999998,MA-107/Broadway,MA-1A/Lee Burbank Hwy
1068,1071,1070.0,184.0,0.0,129+05792,MA-60,Westbound,REVERE,MA-107/Broadway,US-1,0.8281589890575509,2.0,30,24.306418545970672,17.109619686800894,0.4414086681958178,1.2753832878081062,0.8102139515323556,4.229616779687746,21.631890429489346,16.25893635571055,0.6941618852111389,1.4330693889674908,0.7210630143163115,11.636794048021645,42.410186200000005,-71.01225809999998,42.407585600000004,-71.0258748,MA-107/Broadway,US-1
1069,1072,1071.0,184.0,0.0,129+05791,MA-60,Westbound,REVERE,MA-1A/Lee Burbank Hwy,MA-107/Broadway,0.875420129110374,2.0,30,26.878223050636844,17.51923076923077,0.07829169680236725,1.041735532414096,0.8959407683545615,0.4846225535880708,15.949415744157445,14.0844014987182,1.4173368292686128,1.7555502000289198,0.5316471914719147,46.78044280442804,42.39757300000001,-71.00812739999998,42.410186200000005,-71.01225809999998,MA-1A/Lee Burbank Hwy,MA-107/Broadway
1075,1078,1077.0,184.0,9237.2557,129+08702,MA-60,Westbound,"MALDEN, MEDFORD",E Fellsway St,MA-28/Fellsway,0.16237690809778,2.0,20,13.122169249106081,12.479460847240052,0.2553238425482281,1.5241382442436076,0.656108462455304,55.70917759237185,18.4482381862879,15.541381456129434,0.04097469084100247,1.0841143635529102,0.9224119093143952,26.337066375307288,42.409396799999996,-71.0844025,42.409396799999996,-71.0844025,E Fellsway St,MA-28/Fellsway
1076,1079,1078.0,184.0,9509.3027,129+08703,MA-60,Westbound,MEDFORD,MA-28/Fellsway,I-93,0.784366012782959,2.0,25,18.46576396368672,15.535757211538462,0.6661277823931431,1.3538567940737778,0.7386305585474688,30.724726881058626,22.466977985323553,17.014314928425357,0.21223857121232115,1.112744224716432,0.8986791194129421,4.893262174783189,42.409396799999996,-71.0844025,42.41847810000001,-71.1039393,MA-28/Fellsway,I-93
1077,1080,1079.0,184.0,10847.5592,129+08704,MA-60,Westbound,MEDFORD,I-93,MA-38/Main St/Forest St,0.300772625914644,2.0,20,15.024891774891774,12.987063896511172,0.3417469809272904,1.3976806165814308,0.7512445887445887,47.32838589981447,20.33338829348722,15.301587301587302,0.028173022692577376,1.032784093673473,1.0166694146743611,11.84171475680132,42.41847810000001,-71.1039393,42.4196947,-71.10939590000001,I-93,MA-38/Main St/Forest St
1078,1081,1080.0,184.0,11395.2882,129+08789,MA-60,Westbound,MEDFORD,MA-60/Riverside Ave/Salem St,MA-60/High St/Winthrop St,0.442583944131248,2.0,20,20.19574368568756,15.961386138613861,0.2526813658914939,1.2378845953425894,1.0097871842843775,14.172123479887743,21.115542974781267,15.491666666666667,0.195404681347716,1.1839619767229297,1.0557771487390633,7.411219763252702,42.36228450000001,-71.10463539999998,42.4186778,-71.11299230000002,MA-60/Riverside Ave/Salem St,MA-60/High St/Winthrop St
1082,1085,1084.0,184.0,15496.0527,129+08709,MA-60,Westbound,"ARLINGTON, BELMONT",US-3/Massachusetts Ave,MA-2/Concord Tpke,0.83634428775383,2.0,30,21.562343515272907,14.551898734177215,0.5968682851197673,1.3449372967951696,0.7187447838424303,11.86780170255383,26.35791289348857,16.571428571428573,0.17345006254333373,1.100238858713435,0.878597096449619,0.09055627425614488,42.4027448,-71.138438,42.4058613,-71.1644858,US-3/Massachusetts Ave,MA-2/Concord Tpke
1083,1086,1085.0,184.0,16941.0494,129+08710,MA-60,Westbound,BELMONT,MA-2/Concord Tpke,Concord Ave,0.89660433249643,2.0,30,22.923791501806296,14.814921090387374,0.5535348894294916,1.3086840367413102,0.7641263833935432,7.1942198520557366,27.118474438734108,16.944444444444443,0.19054082915077203,1.1062569197163292,0.9039491479578036,0.2921287530430079,42.4088347,-71.1729497,42.3982823,-71.18143289999998,MA-2/Concord Tpke,Concord Ave
1084,1087,1086.0,184.0,18512.8796,129+08711,MA-60,Westbound,BELMONT,Concord Ave,Mill St/Trapelo Rd,1.0820210765613598,2.0,30,25.89567259308957,15.098360655737705,0.010059695620299623,1.0040287583392706,0.8631890864363191,0.6138879570613888,26.56990825688073,14.613636363636363,0.0,1.0,0.8856636085626911,0.4844036697247706,42.3982823,-71.18143289999998,42.391369,-71.19658969999998,Concord Ave,Mill St/Trapelo Rd
1209,1212,1211.0,191.0,10830.7239,129+04833,MA-9,Eastbound,NEWTON,Walnut St/Boylston St,Parker St,0.391768173416079,2.0,45,35.14839993367601,14.591304347826087,0.1090981929690078,1.1949334842909705,0.7810755540816892,4.576355496600897,39.941942900938884,12.571428571428571,0.028837615367486524,1.0515262140393462,0.8875987311319751,0.2414255604521939,42.327948600000006,-71.127209,42.3178232,-71.19463549999998,Walnut St/Boylston St,Parker St
1210,1213,1212.0,191.0,11619.7902,129+04834,MA-9,Eastbound,NEWTON,Parker St,Dudley Rd,0.253864569410981,2.0,50,27.82967959527825,12.190335305719922,0.2011458541489892,1.5810458704477974,0.5565935919055649,20.51939291736931,34.949276838459966,13.420432220039293,0.08964906284883117,1.2589673944720978,0.6989855367691995,6.221226319005908,42.3178232,-71.19463549999998,42.3124089,-71.18142089999998,Parker St,Dudley Rd
1211,1214,1213.0,191.0,12234.0368,129+04835,MA-9,Eastbound,NEWTON,Dudley Rd,Hammond Pond Pkwy,0.643363142317286,2.0,40,26.886698013044143,15.811904761904762,0.3924291047369537,1.3761451845834465,0.6721674503261035,7.644471409070225,32.153626804491175,15.861607142857142,0.15725070112645412,1.150725553449289,0.8038406701122793,2.395294956335769,42.3124089,-71.18142089999998,42.3257828,-71.17564270000003,Dudley Rd,Hammond Pond Pkwy
1212,1215,1214.0,191.0,13467.2928,129+04836,MA-9,Eastbound,"BROOKLINE, NEWTON",Hammond Pond Pkwy,Hammond St,0.363587419972235,2.0,35,16.6141407736208,10.527842527842528,0.4404430604383416,1.504742275910765,0.4746897363891657,36.72479391249208,25.850012056908607,12.048,0.0,1.0,0.7385717730545316,12.659754039064385,42.3211874,-71.17248839999998,42.325210999999996,-71.16516700000001,Hammond Pond Pkwy,Hammond St
1213,1216,1215.0,191.0,14210.1887,129+04837,MA-9,Eastbound,BROOKLINE,Hammond St,Heath St/Chestnut Hill Ave,1.1208270115446102,2.0,35,29.799320253360108,14.528985507246377,0.4391928420694191,1.2416390604019891,0.8514091500960032,1.2791595859725011,34.5677176283958,18,0.12788847289993033,1.0703628280510542,0.9876490750970228,0.02379535990481856,42.31732909999999,-71.16314229999998,42.326457899999994,-71.1426075,Hammond St,Heath St/Chestnut Hill Ave
1214,1217,1216.0,191.0,16173.3792,129+04839,MA-9,Eastbound,BROOKLINE,Heath St/Chestnut Hill Ave,Cypress St,0.802810950175994,2.0,35,21.2564302416212,15.000414078674948,0.8898272734643573,1.6465605749486654,0.6073265783320343,22.58768511301637,30.424,16.02173913043478,0.20699802268915607,1.1504075729687089,0.8692571428571428,1.1935135135135135,42.326457899999994,-71.1426075,42.32964320000001,-71.1260703,Heath St/Chestnut Hill Ave,Cypress St
1215,1218,1217.0,191.0,17476.4609,129+04840,MA-9,Eastbound,BROOKLINE,Cypress St,High St/Walnut St/Washington St,0.442445972865572,2.0,30,15.883294038396766,13.515869565217391,0.8150164844780413,1.951736203149022,0.5294431346132256,46.48029639609296,26.780043699927173,16.201612903225808,0.13494179266281248,1.1575783948434824,0.8926681233309055,3.6125273124544792,42.32964320000001,-71.1260703,42.3535444,-71.05639129999999,Cypress St,High St/Walnut St/Washington St
1217,1220,1219.0,191.0,18429.4974,129+04853,MA-9,Eastbound,"BOSTON, BROOKLINE",Brookline Ave,River Rd/Riverway/Pond Ave,0.060474794516501,3.0,30,19.053008275553566,14.97960372960373,0.017656593010459187,1.1021881529828843,0.6351002758517855,23.0284052784612,20.84224115672605,15.248447204968944,0.001307843124713104,1.0075691880775997,0.6947413718908685,9.976762199845082,42.3321282,-71.11446550000001,42.331684,-71.11193100000001,Brookline Ave,River Rd/Riverway/Pond Ave
1219,1222,1221.0,192.0,148.576,129-04840,MA-9,Westbound,BROOKLINE,Brookline Ave,High St/Walnut St/Washington St,0.0758823155403283,3.0,30,22.609267097349075,14.72316384180791,0.003421034771498105,1.0172819800380322,0.7536422365783025,7.097349075517932,19.51679522269221,12.49736842105263,0.03532925595898137,1.1784721691017108,0.6505598407564072,17.01915899477482,42.3336041,-71.1129041,42.3535444,-71.05639129999999,Brookline Ave,High St/Walnut St/Washington St
1221,1224,1223.0,192.0,1122.2404,129-04838,MA-9,Westbound,BROOKLINE,Cypress St,Lee St,0.8051082788818119,2.0,35,24.62606978275181,15.493256262042388,0.5408206131440385,1.3806506803539451,0.7036019937929089,5.1250822909809095,21.790411462160176,14.218972895863052,0.7960901003441117,1.5603193202222094,0.6225831846331479,15.451873622336516,42.32964320000001,-71.1260703,42.32087050000001,-71.14020359999998,Cypress St,Lee St
1222,1225,1224.0,192.0,2414.7206,129-04837,MA-9,Westbound,BROOKLINE,Lee St,Heath St/Chestnut Hill Ave,0.0738803480837586,2.0,35,20.38037177693384,14.296296296296296,0.006417708358064128,1.030403185469239,0.582296336483824,14.571257245652607,20.198400355476558,14.041269841269841,0.008377249077570287,1.03968629348938,0.5770971530136161,20.995334370139968,42.32087050000001,-71.14020359999998,42.326457899999994,-71.1426075,Lee St,Heath St/Chestnut Hill Ave
1223,1226,1225.0,192.0,2538.0687,129-04836,MA-9,Westbound,BROOKLINE,Heath St/Chestnut Hill Ave,Hammond St,1.11039837675153,2.0,40,30.402835408022128,14.842105263157896,0.39072533802689535,1.216991754336082,0.7600708852005533,0.3941908713692946,27.577488309953235,14.383219954648526,0.6152339889708721,1.3416740344205311,0.6894372077488311,4.4188376753507015,42.326457899999994,-71.1426075,42.31732909999999,-71.16314229999998,Heath St/Chestnut Hill Ave,Hammond St
1224,1227,1226.0,192.0,4384.8623,129-04835,MA-9,Westbound,"BROOKLINE, NEWTON",Hammond St,Hammond Pond Pkwy,0.358497213004501,2.0,35,29.66013712047013,14.386206896551725,0.0,1.0,0.8474324891562894,1.7042115572967682,27.274714828897338,14.352631578947369,0.04691802337490725,1.06325584637368,0.7792775665399242,6.50190114068441,42.325210999999996,-71.16516700000001,42.3211874,-71.17248839999998,Hammond St,Hammond Pond Pkwy
1225,1228,1227.0,192.0,5112.6172,129-04834,MA-9,Westbound,NEWTON,Hammond Pond Pkwy,Dudley Rd,0.644419636422365,2.0,45,32.50739436619718,14.68661971830986,0.2463740466131457,1.2612515029083309,0.7223865414710485,6.0,19.699818271931274,13.827442827442827,1.0196643794269111,2.0812374730592147,0.4377737393762505,33.3751858582521,42.3257828,-71.17564270000003,42.3124089,-71.18142089999998,Hammond Pond Pkwy,Dudley Rd
1226,1229,1228.0,192.0,6368.8535,129-04833,MA-9,Westbound,NEWTON,Dudley Rd,Parker St,0.295152271320576,2.0,50,43.84636275460719,13.893939393939394,0.02710052383752081,1.071924717291663,0.8769272550921435,0.7681862269641124,44.10017889087656,13.61038961038961,0.02477595353589135,1.0657553139704692,0.8820035778175312,0.8264758497316637,42.3124089,-71.18142089999998,42.3178232,-71.19463549999998,Dudley Rd,Parker St
1227,1230,1229.0,192.0,6976.9433,129-04832,MA-9,Westbound,NEWTON,Parker St,Walnut St/Boylston St,0.381004566151706,2.0,45,32.46983649689908,14.245791245791246,0.14647881843766275,1.2627103928877363,0.7215519221533129,10.046983649689908,29.31924360400445,13.40795559666975,0.22213437948171788,1.3983989680552391,0.6515387467556544,12.024471635150167,42.3178232,-71.19463549999998,42.327948600000006,-71.127209,Parker St,Walnut St/Boylston St
1273,1276,1275.0,195.0,224.0137,129+08565,MA-99,Northbound,"BOSTON, EVERETT",Alford St,MA-16/Main St/Revere Beach Pkwy,1.22630883020433,4.0,40,24.617316396554237,16.982035928143713,0.15894975512080656,1.05616711347299,0.6154329099138559,1.4629872974156812,19.90105503279156,16.583333333333332,0.8672740897282094,1.3064633989081995,0.49752637581978904,21.146278870829764,42.389717,-71.07092779999998,42.402452000000004,-71.04495399999998,Alford St,MA-16/Main St/Revere Beach Pkwy
1274,1277,1276.0,195.0,2236.847,129+08566,MA-99,Northbound,EVERETT,MA-16/Main St/Revere Beach Pkwy,Ferry St,1.04568314757816,2.0,30,18.655684754521968,17.187664733790196,0.2260535299120625,1.0720592818310883,0.6218561584840655,24.50904392764857,16.32437070938215,15.982176556930174,0.7063445827779584,1.2251620816541091,0.5441456903127384,54.56521739130435,42.4031084,-71.05090179999998,42.413946,-71.04683670000001,MA-16/Main St/Revere Beach Pkwy,Ferry St
1279,1282,1281.0,196.0,4603.7356,129-08565,MA-99,Southbound,EVERETT,Ferry St,MA-16/Main St/Revere Beach Pkwy,1.06519663229397,2.0,30,19.155555555555555,15.038663171690695,0.29304381995492035,1.0962877030162412,0.6385185185185185,14.743961352657006,20.568527918781726,15.848758465011286,0.06384269760611128,1.0209772951628824,0.6856175972927242,5.396954314720812,42.413946,-71.04683670000001,42.4025705,-71.0458615,Ferry St,MA-16/Main St/Revere Beach Pkwy
1280,1283,1282.0,196.0,6474.5861,129-09555,MA-99,Southbound,"BOSTON, EVERETT",MA-16/Main St/Revere Beach Pkwy,Alford St,1.1994283015396998,4.0,40,10.42005076142132,10.296602911789895,4.02783536905798,2.399220557788333,0.26050126903553306,59.27241962774958,22.48373205741627,13.813725490196079,0.32216178099451964,1.1119150475622992,0.5620933014354067,9.760765550239233,42.402452000000004,-71.04495399999998,42.389717,-71.07092779999998,MA-16/Main St/Revere Beach Pkwy,Alford St
1339,1342,1341.0,203.0,8246.0377,129+08243,Providence Hwy/VFW Pkwy/Centre St,Northbound,"BOSTON, BROOKLINE",Independence Dr,W Roxbury Pkwy,0.6087082192308721,2.0,35,33.50776674306086,18,0.0,1.0,0.9573647640874532,0.04583651642475172,32.09990633780831, ,0.0,1.0,0.9171401810802372,,42.298342600000005,-71.1568276,42.2919018,-71.1468275,Independence Dr,W Roxbury Pkwy
1341,1344,1343.0,203.0,10333.7075,129+10009,Providence Hwy/VFW Pkwy/Centre St,Northbound,BOSTON,Centre St,MA-203/Arborway,1.0210601600211802,2.0,35,26.27660318015027,16,0.4750159182016465,1.2558700899714723,0.7507600908614364,4.571029180499738,28.900788309940395,15.784313725490197,0.26331724300930337,1.1418373660295518,0.8257368088554399,0.5883483945395117,42.297874900000004,-71.1302676,42.306776899999996,-71.11920099999998,Centre St,MA-203/Arborway
1344,1347,1346.0,204.0,2752.2827,129-08242,Providence Hwy/VFW Pkwy/Centre St,Southbound,"BOSTON, BROOKLINE",W Roxbury Pkwy,Independence Dr,0.60865385369574,2.0,35,29.14802522402921,16.22222222222222,0.03558098544656785,1.0292292451863407,0.8328007206865488,0.5376700962495852,30.0952772073922,17.125,-0.0038538166004589147,0.9968341475396412,0.8598650630683485,0.1971252566735113,42.2919018,-71.1468275,42.298342600000005,-71.1568276,W Roxbury Pkwy,Independence Dr
1352,1355,1354.0,205.0,3670.618,129+10219,Washington St,Northbound,BOSTON,Grove St,Lagrange St,1.03276734033886,2.0,40,26.019019205668467,17.35211267605634,0.2448070972604173,1.1145692991256986,0.6504754801417117,0.7943315308595935,27.555214723926376,18,0.11203539650748784,1.0524323722587108,0.6888803680981594,0.10517090271691497,42.36028889999999,-71.0686874,42.351610799999996,-71.063827,Grove St,Lagrange St
1356,1359,1358.0,205.0,9525.0272,129+10225,Washington St,Northbound,BOSTON,South St,Glen Rd/Green St,0.6087942873695961,2.0,25,18.791684166316678,16.261306532663315,0.3556612941801933,1.2239456451288468,0.751667366652667,27.58084838303234,21.78164924506388,13.954682779456194,0.08883325168205848,1.0559347339234295,0.8712659698025551,5.766550522648084,42.3512137,-71.05732009999998,42.29872520000001,-71.0508443,South St,Glen Rd/Green St
1357,1360,1359.0,205.0,10696.5327,129+10226,Washington St,Northbound,BOSTON,Glen Rd/Green St,MA-28/Columbus Ave,0.546619146428358,2.0,30,16.825080238422743,15.172630881378396,0.3875321915924617,1.2481366925099808,0.5608360079474247,41.51306740027511,19.389447236180906,14.391541609822646,0.1297257901333151,1.0830633665932357,0.6463149078726967,12.278056951423785,42.29872520000001,-71.0508443,42.343270200000006,-71.07848840000001,Glen Rd/Green St,MA-28/Columbus Ave
1360,1363,1362.0,205.0,13407.2777,129+10229,Washington St,Northbound,BOSTON,Dudley St/Roxbury St,Melnea Cass Blvd,0.173969200125653,2.0,30,19.168474051123162,16.39930151338766,-0.004828536223920543,1.0,0.6389491350374387,19.96127033307513,19.00411522633745,16.93884892086331,-0.00011896414496515018,0.9997834560415766,0.6334705075445816,25.740740740740733,42.322726,-71.072549,42.332908200000006,-71.0809474,Dudley St/Roxbury St,Melnea Cass Blvd
1361,1364,1363.0,205.0,13991.82,129+10230,Washington St,Northbound,BOSTON,Melnea Cass Blvd,Massachusetts Ave,0.31919352054184896,2.0,30,22.696700507614214,16.145251396648046,0.011127213926098169,1.0133631534805705,0.7565566835871405,3.4073604060913705,22.47768043387568,16.027027027027028,0.019349167468735273,1.0232372538465822,0.7492560144625225,0.9261576971214016,42.332908200000006,-71.0809474,42.40147280000001,-71.13703829999999,Melnea Cass Blvd,Massachusetts Ave
1362,1365,1364.0,206.0,0.0,129-10229,Washington St,Southbound,BOSTON,Massachusetts Ave,Melnea Cass Blvd,0.319177785993681,2.0,30,23.007254677357768, ,-0.000262548399317164,0.9996846787041954,0.766908489245259,,22.06373008434864,15.916666666666666,0.035332812203279995,1.0424347973833998,0.7354576694782881,1.3495782567947516,42.40147280000001,-71.13703829999999,42.332908200000006,-71.0809474,Massachusetts Ave,Melnea Cass Blvd
1363,1366,1365.0,206.0,511.9033,129-10228,Washington St,Southbound,BOSTON,Melnea Cass Blvd,Dudley St/Roxbury St,0.350339109075437,2.0,30,17.49177262528048,16.74168797953964,0.0,1.0,0.5830590875093493,43.86686611817502,16.39842454394693,15.913843175217812,0.045360614924884864,1.0366849543650292,0.5466141514648977,51.39303482587065,42.332908200000006,-71.0809474,42.322726,-71.072549,Melnea Cass Blvd,Dudley St/Roxbury St
1366,1369,1368.0,206.0,2926.7996,129-10225,Washington St,Southbound,BOSTON,MA-28/Columbus Ave,Glen Rd/Green St,0.5465908323272249,2.0,30,17.593642188270085,16.437280187573272,0.0420817649465457,1.0230968555220952,0.5864547396090029,37.8363725973386,17.692207792207792,16.12621916236374,0.03169689184016033,1.017397049108126,0.5897402597402598,33.95454545454545,42.343270200000006,-71.07848840000001,42.29872520000001,-71.0508443,MA-28/Columbus Ave,Glen Rd/Green St
1367,1370,1369.0,206.0,3818.9743,129-10224,Washington St,Southbound,BOSTON,Glen Rd/Green St,MA-203/Arborway/Washington St,0.6088691131708609,2.0,25,21.09649354073293,15.908854166666666,0.0,0.9954260863045028,0.8438597416293172,6.074347482204058,20.73695388349515,15.506726457399104,0.022066976468215985,1.0126848966334547,0.8294781553398058,8.11893203883495,42.29872520000001,-71.0508443,42.3011825,-71.11194559999998,Glen Rd/Green St,MA-203/Arborway/Washington St
1371,1374,1373.0,206.0,9125.3988,129-10218,Washington St,Southbound,BOSTON,Lagrange St,Grove St,1.03504979429316,2.0,40,28.626300346759137,17.25,0.0,1.0,0.7156575086689785,0.12803414243798344,28.96355247981545,16,0.0,1.0,0.7240888119953863,0.11072664359861592,42.351610799999996,-71.063827,42.36028889999999,-71.0686874,Lagrange St,Grove St
1374,1377,1376.0,207.0,0.0,129-08475,Storrow Drive/Soldiers Field Road EB,Eastbound,BOSTON,US-20/N Beacon St,Leo M Birmingham Pkwy,0.470164147066758,4.0,35,36.39143192488263,17.666666666666668,0.0,1.0,1.0397551978537896,0.1056338028169014,36.827715355805246,8.333333333333334,0.0,1.0,1.0522204387372929,0.12257405515832485,42.35363359999999,-71.13750209999998,42.358508799999996,-71.1497661,US-20/N Beacon St,Leo M Birmingham Pkwy
1375,1378,1377.0,207.0,1075.0943,129-08474,Storrow Drive/Soldiers Field Road EB,Eastbound,BOSTON,Leo M Birmingham Pkwy,Elliot Brg,1.08945927308117,2.0,35,38.00816493161871,18,0.04373812896251962,1.026095315839787,1.08594756947482,0.024494794856093082,38.464772464772466,18,0.02332238301726597,1.0139147459072508,1.098993498993499,0.04158004158004158,42.358508799999996,-71.1497661,42.37252470000001,-71.1309272,Leo M Birmingham Pkwy,Elliot Brg
1376,1379,1378.0,207.0,3084.4541,129-08473,Storrow Drive/Soldiers Field Road EB,Eastbound,BOSTON,Elliot Brg,N Harvard St,0.188429007527879,2.0,40,39.989183531053726,12.18867924528302,7.645079225931939e-05,1.0002704848659356,0.9997295882763432,0.5547801814375437,40.816259850086496,9,0.0,1.0,1.0204064962521622,0.03459542571593312,42.37252470000001,-71.1309272,42.36480239999999,-71.127546,Elliot Brg,N Harvard St
1377,1380,1379.0,207.0,3862.651,129-04890,Storrow Drive/Soldiers Field Road EB,Eastbound,BOSTON,N Harvard St,Western Ave,0.293341749288967,2.0,40,42.93228184467685,10.181818181818182,0.0006456212550164928,1.0015773248570423,1.073307046116921,0.5657466140922338,43.3263862332696,8,-0.003083443802872177,1.0,1.0831596558317398,0.022944550669216062,42.36480239999999,-71.127546,42.363082399999996,-71.13086489999998,N Harvard St,Western Ave
1378,1381,1380.0,207.0,4863.364000000001,129-04888,Storrow Drive/Soldiers Field Road EB,Eastbound,BOSTON,Western Ave,MA-2/Boston Univ Brg,0.7371599962007449,2.0,40,43.13538873994639,11.930232558139535,0.04248690366243957,1.043226949252618,1.0783847184986597,0.4323056300268096,43.8319370832621,12.943396226415095,0.026192446651524426,1.0266486720520491,1.0957984270815524,0.5436826808001367,42.363082399999996,-71.13086489999998,42.3518484,-71.1107301,Western Ave,MA-2/Boston Univ Brg
1379,1382,1381.0,207.0,6418.6955,129+04892,Storrow Drive/Soldiers Field Road EB,Eastbound,BOSTON,MA-2/Boston Univ Brg,University Rd,0.015304717509733,2.0,40,45.395844155844145,14.666666666666666,0.0006904133362753279,1.0353370638653343,1.1348961038961038,0.03116883116883117,46.63511507052711,14.894736842105264,0.00015286976012478595,1.0078242527957972,1.1658778767631774,0.21158129175946547,42.3518484,-71.1107301,42.351076500000005,-71.1095545,MA-2/Boston Univ Brg,University Rd
1380,1383,1382.0,207.0,6637.9409,129+04893,Storrow Drive/Soldiers Field Road EB,Eastbound,BOSTON,University Rd,Boylston St,0.657697461479286,2.0,40,46.02500828088771,7.818181818181818,0.017786340816130952,1.0211839553218975,1.1506252070221927,0.4372308711493872,46.551736232900744,12.709677419354838,0.008084949491948823,1.0096293673098804,1.1637934058225183,0.3262013328656612,42.351076500000005,-71.1095545,42.3486464,-71.0827003,University Rd,Boylston St
1381,1384,1383.0,207.0,8167.7897,129+04895,Storrow Drive/Soldiers Field Road EB,Eastbound,BOSTON,Boylston St,Clarendon St,0.454295386604237,2.0,40,45.57421289355322,13.23076923076923,0.0181437571898192,1.0312849529574315,1.1393553223388306,0.5197401299350325,32.99885714285714,11.233734939759037,0.2460686614014158,1.4242917503636492,0.8249714285714285,14.22857142857143,42.3486464,-71.0827003,42.3496344,-71.074691,Boylston St,Clarendon St
1382,1385,1384.0,207.0,9058.4085,129+04896,Storrow Drive/Soldiers Field Road EB,Eastbound,BOSTON,Clarendon St,MA-28/Embankment Rd,0.241346970499224,2.0,40,43.17328767123289,14.451612903225806,0.013615563706237066,1.0423111703393462,1.0793321917808218,0.3184931506849315,33.97461824184895,12.78582202111614,0.1044286440340137,1.324518194131474,0.8493654560462238,8.208832026413537,42.3496344,-71.074691,42.3646036,-71.06975729999998,Clarendon St,MA-28/Embankment Rd
1383,1386,1385.0,208.0,0.0,129-04895,Storrow Drive/Soldiers Field Road WB,Westbound,BOSTON,MA-28/Embankment Rd,Clarendon St,0.32210160837329804,3.0,40,45.30780452224654,13.625,0.0,1.0,1.132695113056163,0.1400437636761488,41.5955816050496,10.470588235294118,0.025389509337666927,1.0578046586240908,1.0398895401262398,0.15329125338142469,42.3646036,-71.06975729999998,42.3496344,-71.074691,MA-28/Embankment Rd,Clarendon St
1384,1387,1386.0,208.0,742.2725,129-04894,Storrow Drive/Soldiers Field Road WB,Westbound,BOSTON,Clarendon St,MA-2A/Massachusetts Ave,0.385078069836236,3.0,40,48.11864652918965,13.333333333333334,0.0,1.0,1.2029661632297417,0.1045599767644496,45.4913426488457,11.571428571428571,0.016302868933215087,1.0331636145101246,1.1372835662211422,0.0637910085054678,42.3496344,-71.074691,42.40147280000001,-71.13703829999999,Clarendon St,MA-2A/Massachusetts Ave
1385,1388,1387.0,208.0,1495.0314,129-04892,Storrow Drive/Soldiers Field Road WB,Westbound,BOSTON,MA-2A/Massachusetts Ave,University Rd,0.6316499785633779,2.0,40,48.6222621771821,15.0625,0.0,1.0,1.215556554429552,0.15691402419091205,47.4210617326647,10,0.009639344069661715,1.0122084627838797,1.1855265433166176,0.010375237765865469,42.40147280000001,-71.13703829999999,42.351076500000005,-71.1095545,MA-2A/Massachusetts Ave,University Rd
1386,1389,1388.0,208.0,3022.0178,129-04891,Storrow Drive/Soldiers Field Road WB,Westbound,BOSTON,University Rd,MA-2/Boston Univ Brg,0.0159907856029373,2.0,35,48.91191623732757, ,-0.00037266626828182797,1.0,1.397483321066502,,48.10939830929885, ,-4.545278497548183e-05,0.9977260511845204,1.3745542374085389,,42.351076500000005,-71.1095545,42.3518484,-71.1107301,University Rd,MA-2/Boston Univ Brg
1389,1392,1391.0,208.0,5779.9484,129+08474,Storrow Drive/Soldiers Field Road WB,Westbound,BOSTON,N Harvard St,Elliot Brg,0.315350378236101,3.0,35,42.63425833499701, ,0.0,1.0,1.2181216667142003,,42.03454715219421,13.403846153846153,0.0,1.0,1.2009870614912632,0.5826330532212886,42.36480239999999,-71.127546,42.37252470000001,-71.1309272,N Harvard St,Elliot Brg
1390,1393,1392.0,208.0,6619.5847,129+08475,Storrow Drive/Soldiers Field Road WB,Westbound,BOSTON,Elliot Brg,Leo M Birmingham Pkwy,1.04634641301777,2.0,35,38.94097222222222,12,0.08096518246506146,1.052875613018279,1.1125992063492065,0.029761904761904764,38.98925655350237,15.588235294117647,0.07896862774785629,1.0515717308879289,1.1139787586714962,0.2191663085517834,42.37252470000001,-71.1309272,42.358508799999996,-71.1497661,Elliot Brg,Leo M Birmingham Pkwy
1391,1394,1393.0,208.0,8672.1999,129+08476,Storrow Drive/Soldiers Field Road WB,Westbound,BOSTON,Leo M Birmingham Pkwy,US-20/N Beacon St,0.505998351839782,4.0,35,42.94144556267155,8,0.0,1.0,1.2268984446477584,0.05489478499542544,41.68481726759872,10.333333333333334,0.005465571453907693,1.0075610918569688,1.1909947790742492,0.13245033112582782,42.358508799999996,-71.1497661,42.35363359999999,-71.13750209999998,Leo M Birmingham Pkwy,US-20/N Beacon St
1392,1395,1394.0,209.0,0.0,129-04877,Memorial Drive/Fresh Pond Parkway SB,Eastbound,CAMBRIDGE,MA-2A/Concord Tpke,Concord Ave,0.635472918055558,2.0,30,12.018324220481752,11.324748743718592,1.8577485392066124,2.4129819988195944,0.4006108073493917,56.4622432392493,22.71253664424901,15.48078431372549,0.3639654213969095,1.2768278794320855,0.7570845548083003,13.191929643041902,42.3995663,-71.14827129999998,42.390493799999994,-71.15387059999998,MA-2A/Concord Tpke,Concord Ave
1393,1396,1395.0,209.0,1043.3251,129-04876,Memorial Drive/Fresh Pond Parkway SB,Eastbound,CAMBRIDGE,Concord Ave,Concord Ave/New St,0.156791080164716,2.0,30,19.511664345403894,15.921782628467485,0.13372106438892462,1.3837876422038808,0.6503888115134634,22.97005571030641,22.74325980392157,15.90923317683881,0.06521286346204236,1.1871649109572433,0.7581086601307189,7.830882352941178,42.390493799999994,-71.15387059999998,42.3891336,-71.1445147,Concord Ave,Concord Ave/New St
1394,1397,1396.0,209.0,1319.524,129-04875,Memorial Drive/Fresh Pond Parkway SB,Eastbound,CAMBRIDGE,Concord Ave/New St,MA-16/Huron Ave,0.51030161182643,4.0,30,22.392987098908367,14.494426751592357,0.46677513227601497,1.5183324962330491,0.7464329032969456,12.464439298709893,26.964532557293573,14.421588594704684,0.2349629223458245,1.260915609338217,0.8988177519097854,5.358312113495817,42.3891336,-71.1445147,42.3806841,-71.1412809,Concord Ave/New St,MA-16/Huron Ave
1395,1398,1397.0,209.0,2172.9434,129-04874,Memorial Drive/Fresh Pond Parkway SB,Eastbound,CAMBRIDGE,MA-16/Huron Ave,Brattle St,0.35029611733227,4.0,30,21.968887326419406,13.704824976348155,0.2561137981740279,1.3655675662700733,0.7322962442139802,11.147829143962033,25.890002444390124,15.455974842767295,0.11121792584358904,1.1587484421617131,0.8630000814796708,4.6638963578587145,42.3806841,-71.1412809,42.3775209,-71.13206819999998,MA-16/Huron Ave,Brattle St
1396,1399,1398.0,209.0,2733.1951,129-04873,Memorial Drive/Fresh Pond Parkway SB,Eastbound,CAMBRIDGE,Brattle St,Mount Auburn St,0.15008671482212502,2.0,30,23.485351022664453,14.539896373056996,0.03708518657585103,1.1070730846181005,0.7828450340888152,10.668877833056936,25.77215485074627,15.471042471042471,0.003062028361559943,1.0088407488847266,0.8590718283582089,3.6240671641791034,42.3775209,-71.13206819999998,42.374826500000005,-71.13802290000001,Brattle St,Mount Auburn St
1397,1400,1399.0,209.0,2954.6489,129-04872,Memorial Drive/Fresh Pond Parkway SB,Eastbound,CAMBRIDGE,Mount Auburn St,Memorial Dr,0.198345129194836,3.0,30,28.150606000397378,14.6875,0.062123880088166224,1.1722660606146158,0.9383535333465792,3.2425988476058016,30.702275189599128,16.666666666666668,0.02698896959493852,1.0748389100225135,1.023409172986638,0.7020585048754062,42.374826500000005,-71.13802290000001,42.364076000000004,-71.1160776,Mount Auburn St,Memorial Dr
1398,1401,1400.0,209.0,3372.6578,129-04886,Memorial Drive/Fresh Pond Parkway SB,Eastbound,CAMBRIDGE,Memorial Dr,Mount Auburn St,0.51753888674892,4.0,35,34.6178643384822,11.958333333333334,0.07983648229381922,1.0976991425134832,0.9890818382423484,0.3223640026863667,35.18240037950664,18,0.06544318908099833,1.0800854856434008,1.0052114394144749,0.014231499051233398,42.364076000000004,-71.1160776,42.374826500000005,-71.13802290000001,Memorial Dr,Mount Auburn St
1399,1402,1401.0,209.0,4129.1842,129-04885,Memorial Drive/Fresh Pond Parkway SB,Eastbound,CAMBRIDGE,Mount Auburn St,Jfk St,0.318213490400918,4.0,35,26.77336860670194,11.315673289183223,0.11647660800078075,1.1952175488290901,0.7649533887629125,7.989417989417987,30.44945630285945,13.277777777777779,0.030382557387398142,1.050921884506521,0.8699844657959842,0.43495771244462345,42.374826500000005,-71.13802290000001,42.37129710000001,-71.1212079,Mount Auburn St,Jfk St
1400,1403,1402.0,209.0,4653.3206,129-04884,Memorial Drive/Fresh Pond Parkway SB,Eastbound,CAMBRIDGE,Jfk St,Western Ave,0.629280224843051,4.0,35,27.56156303760137,16.519685039370078,0.19000786116335372,1.1610372008417449,0.7874732296457536,1.8726959941017447,25.698360655737705,14.293478260869565,0.2893300089663362,1.2452156162286296,0.7342388758782201,3.2906110283159467,42.37129710000001,-71.1212079,42.3643093,-71.1160673,Jfk St,Western Ave
1401,1404,1403.0,209.0,5663.1358,129-04883,Memorial Drive/Fresh Pond Parkway SB,Eastbound,CAMBRIDGE,Western Ave,River St/River St Brg,0.198716914691397,4.0,35,26.92754010695187,14.85,0.016959476131950042,1.0398276221588931,0.7693582887700534,5.1336898395721935,29.08665366397325,14.832335329341317,0.0,1.0,0.8310472475420929,2.791864028977431,42.3643093,-71.1160673,42.3632595,-71.1099993,Western Ave,River St/River St Brg
1402,1405,1404.0,209.0,5978.8948,129-04882,Memorial Drive/Fresh Pond Parkway SB,Eastbound,CAMBRIDGE,River St/River St Brg,MA-2/Brookline St,0.445013305016451,4.0,25,29.713599331522875,15.903225806451612,0.008578705434902578,1.0096387066838208,1.1885439732609149,1.165656987674953,30.779683972911965,16.227272727272727,0.0,1.0,1.2311873589164786,0.5959367945823928,42.3632595,-71.1099993,42.3591484,-71.10615829999998,River St/River St Brg,MA-2/Brookline St
1403,1406,1405.0,209.0,6906.9101,129-04881,Memorial Drive/Fresh Pond Parkway SB,Eastbound,CAMBRIDGE,MA-2/Brookline St,MA-2A/Massachusetts Ave,0.7597613971455741,4.0,35,37.272364672364674,17,0.05417875195698274,1.046351642639842,1.064924704924705,0.06837606837606837,36.850171559283254,17.666666666666668,0.06819117234124272,1.0583397132156676,1.0528620445509502,0.03431185665268776,42.3591484,-71.10615829999998,42.3725789,-71.1160797,MA-2/Brookline St,MA-2A/Massachusetts Ave
1404,1407,1406.0,209.0,8553.0276,129-04880,Memorial Drive/Fresh Pond Parkway SB,Eastbound,CAMBRIDGE,MA-2A/Massachusetts Ave,MA-3/Longfellow Brg,0.647738045178155,2.0,35,38.741773806929615,18,0.0,1.0,1.106907823055132,0.026149487905861843,35.85133303208315,14.481481481481481,0.06129581996553358,1.05993269388321,1.0243238009166613,0.4880253050158157,42.3725789,-71.1160797,42.361903600000005,-71.0794267,MA-2A/Massachusetts Ave,MA-3/Longfellow Brg
1405,1408,1407.0,209.0,9864.4108,129+08553,Memorial Drive/Fresh Pond Parkway NB,Eastbound,CAMBRIDGE,MA-3/Longfellow Brg,MA-28/Charles St,0.483887857929492,3.0,30,23.74145006839945,14.671691792294807,0.013174129234899691,1.0108902333621437,0.7913816689466484,6.125170998632012,19.69947035708184,13.425434116445352,0.2640901048547548,1.2183068663758334,0.656649011902728,20.071758072783187,42.361903600000005,-71.0794267,42.36782789999999,-71.08228740000001,MA-3/Longfellow Brg,MA-28/Charles St
1406,1409,1408.0,209.0,10823.3681,129+08555,Memorial Drive/Fresh Pond Parkway NB,Eastbound,"BOSTON, CAMBRIDGE",MA-28/Charles St,Prison Point Brg,0.309089893336717,2.0,30,29.798607992815448,15.25974025974026,0.06037609140963096,1.107434280418616,0.9932869330938484,2.0745397395599463,27.67503894080997,12.03225806451613,0.10813102274234596,1.1924102463081914,0.9225012980269992,5.0700934579439245,42.3578583,-71.07033879999999,42.3671403,-71.0662091,MA-28/Charles St,Prison Point Brg
1407,1410,1409.0,209.0,11307.9008,129+08557,Memorial Drive/Fresh Pond Parkway NB,Eastbound,BOSTON,Prison Point Brg,New Rutherford Ave,0.121828228720281,2.0,30,33.68211779715075,16.57894736842105,0.008171623313273174,1.0391270587789685,1.1227372599050252,0.24239846906230064,26.487429351003694,12.772277227722773,0.0671200164067374,1.3213815329600391,0.8829143117001234,8.267394270122784,42.3344149,-71.067724,42.377158,-71.069383,Prison Point Brg,New Rutherford Ave
1410,1413,1412.0,210.0,746.6479,129-08552,Memorial Drive/Fresh Pond Parkway SB,Westbound,CAMBRIDGE,MA-28/Charles St,Cambridge Pkwy/1st St,0.461273062268865,3.0,30,22.85972989564149,15.561733442354866,0.05752210166658276,1.049881171368342,0.7619909965213832,11.261510128913445,24.566001899335237,15.513157894736842,0.0,1.0,0.8188667299778412,3.4643874643874644,42.36782789999999,-71.08228740000001,42.36656199999999,-71.0778655,MA-28/Charles St,Cambridge Pkwy/1st St
1411,1414,1413.0,210.0,1716.8892,129-06421,Memorial Drive/Fresh Pond Parkway NB,Westbound,CAMBRIDGE,Cambridge Pkwy/1st St,MA-2A/Massachusetts Ave,0.662962524790723,2.0,35,31.06205860255447,15,0.17565213229030796,1.1589701912750705,0.8874873886444133,0.07212622088655148,30.81671443656661,17.076923076923077,0.18584741790684567,1.1681972156409703,0.8804775553304743,0.4706592246190979,42.36656199999999,-71.0778655,42.3725789,-71.1160797,Cambridge Pkwy/1st St,MA-2A/Massachusetts Ave
1412,1415,1414.0,210.0,2991.6717,129+04882,Memorial Drive/Fresh Pond Parkway NB,Westbound,CAMBRIDGE,MA-2A/Massachusetts Ave,MA-2/Brookline St,0.7579814796521039,4.0,35,33.72537313432836,16.181818181818183,0.18238126210837424,1.1563993627190654,0.9635820895522388,0.12313432835820895,34.05854523950325,14.85483870967742,0.16918971840789898,1.1450870765544423,0.9731012925572358,0.7332939089296274,42.3725789,-71.1160797,42.3591484,-71.10615829999998,MA-2A/Massachusetts Ave,MA-2/Brookline St
1413,1416,1415.0,210.0,4647.2269,129+04883,Memorial Drive/Fresh Pond Parkway NB,Westbound,CAMBRIDGE,MA-2/Brookline St,River St/River St Brg,0.44077706624513896,4.0,25,27.40439158279964,15.478260869565217,0.0,1.0,1.0961756633119852,2.8408051235132663,21.47652943439785,11.829746835443038,0.08156660204965926,1.0709365342410535,0.8590611773759139,18.237783762985767,42.3591484,-71.10615829999998,42.3632595,-71.1099993,MA-2/Brookline St,River St/River St Brg
1414,1417,1416.0,210.0,5574.9517,129+04884,Memorial Drive/Fresh Pond Parkway NB,Westbound,CAMBRIDGE,River St/River St Brg,Western Ave,0.19878848324006893,4.0,35,25.56374298827129,14.782874617737003,0.0,1.0,0.7303926568077511,5.002549719530852,23.107728894173608,14.124223602484472,-0.002417628533309069,0.995337971348592,0.6602208255478172,11.486325802615935,42.3632595,-71.1099993,42.3643093,-71.1160673,River St/River St Brg,Western Ave
1415,1418,1417.0,210.0,5890.7108,129+04885,Memorial Drive/Fresh Pond Parkway NB,Westbound,CAMBRIDGE,Western Ave,Jfk St,0.629526666488782,4.0,35,29.303973380309266,15.866666666666667,0.029904976502319162,1.0237519537251023,0.8372563822945502,2.1139166177334117,29.20204160246533,14.972527472527473,0.03440417603913848,1.027325431844714,0.8343440457847238,2.103235747303544,42.3643093,-71.1160673,42.37129710000001,-71.1212079,Western Ave,Jfk St
1416,1419,1418.0,210.0,6900.526,129+04886,Memorial Drive/Fresh Pond Parkway NB,Westbound,CAMBRIDGE,Jfk St,Mount Auburn St,0.319541346217328,4.0,35,33.286440224658996,17,0.0,1.0,0.9510411492759716,0.17651778550414549,33.34581053843939,17.2,0.0,1.0,0.9527374439554108,0.08638065073423552,42.37129710000001,-71.1212079,42.374826500000005,-71.13802290000001,Jfk St,Mount Auburn St
1417,1420,1419.0,210.0,7424.6623,129+04887,Memorial Drive/Fresh Pond Parkway NB,Westbound,CAMBRIDGE,Mount Auburn St,US-3/MA-2/Greenough Blvd,0.467014238231368,4.0,35,34.773786024476905,18,0.06841305209906212,1.0927771848958925,0.9935367435564828,0.094749309119621,35.53551174723197,17.454545454545453,0.051140144815230326,1.0693528285253977,1.0153003356351993,0.1782338644342425,42.374826500000005,-71.13802290000001,42.366968,-71.1374744,Mount Auburn St,US-3/MA-2/Greenough Blvd
1418,1421,1420.0,210.0,8120.4362,129+04873,Memorial Drive/Fresh Pond Parkway NB,Westbound,CAMBRIDGE,US-3/MA-2/Greenough Blvd,Mount Auburn St,0.16779790847863096,3.0,30,30.091920657958394,14.863013698630137,0.02948357871572788,1.0966398713826366,1.0030640219319464,1.0595065312046446,29.365824876091573,14.742857142857142,0.037756132412729286,1.1237552542536349,0.9788608292030524,1.9825348123672408,42.366968,-71.1374744,42.374826500000005,-71.13802290000001,US-3/MA-2/Greenough Blvd,Mount Auburn St
1419,1422,1421.0,210.0,8494.943000000001,129+04874,Memorial Drive/Fresh Pond Parkway NB,Westbound,CAMBRIDGE,Mount Auburn St,Brattle St,0.168862833852639,2.0,30,27.62870098692985,15.022346368715084,0.004862847172431406,1.0134388878161809,0.9209566995643282,5.7295278740997615,25.823572653761328,14.58147512864494,0.0304968610010371,1.0842806444878823,0.8607857551253777,8.571428571428571,42.374826500000005,-71.13802290000001,42.3775209,-71.13206819999998,Mount Auburn St,Brattle St
1420,1423,1422.0,210.0,8763.048,129+04875,Memorial Drive/Fresh Pond Parkway NB,Westbound,CAMBRIDGE,Brattle St,MA-16/Huron Ave,0.352559099882117,4.0,30,27.489699265924692,15.52,0.06438989082256408,1.0913178681873392,0.9163233088641566,2.1311863604072934,23.394005212858385,13.979761904761904,0.19911114448247452,1.282379811709654,0.7798001737619462,10.947002606429193,42.3775209,-71.13206819999998,42.3806841,-71.1412809,Brattle St,MA-16/Huron Ave
1421,1424,1423.0,210.0,9311.7336,129+04876,Memorial Drive/Fresh Pond Parkway NB,Westbound,CAMBRIDGE,MA-16/Huron Ave,Concord Ave/New St,0.506725023799742,4.0,30,28.43787575150301,14.103092783505154,0.11901056998573535,1.1252598569465486,0.9479291917167668,1.9438877755511024,18.870910698496907,11.35768903993203,0.6610211672213111,1.6957316216089584,0.6290303566165636,24.976127320954905,42.3806841,-71.1412809,42.3891336,-71.1445147,MA-16/Huron Ave,Concord Ave/New St
1422,1425,1424.0,210.0,10155.3822,129+04877,Memorial Drive/Fresh Pond Parkway NB,Westbound,CAMBRIDGE,Concord Ave/New St,Concord Ave,0.142136415426609,2.0,30,20.528715320728047,15.569549822964087,0.060086073766490826,1.1690941018489829,0.6842905106909348,20.961300583141888,14.493070058857036,12.203393999016232,0.233090873441298,1.6559638435842012,0.4831023352952345,46.31858743117525,42.3891336,-71.1445147,42.390493799999994,-71.15387059999998,Concord Ave/New St,Concord Ave
1423,1426,1425.0,210.0,10441.6263,129+04878,Memorial Drive/Fresh Pond Parkway NB,Westbound,CAMBRIDGE,Concord Ave,MA-2A/Concord Tpke,0.642296359765023,2.0,30,16.366208069253357,12.070910367423355,1.070123866182988,1.8330452523306229,0.5455402689751121,39.63209151337146,13.973749611680644,12.201445691459007,1.4732770474856502,2.14688260729411,0.4657916537226882,48.993476234855535,42.390493799999994,-71.15387059999998,42.3995663,-71.14827129999998,Concord Ave,MA-2A/Concord Tpke
