Unnamed: 0,Unnamed: 0.1,nan,Roadway ID,From Measure,TMC,Route Number,Direction,Community(ies),Segment Begin Location,Segment End Location,Length (miles),Lanes,Speed Limit (mph),AM Average Speed (mph),AM Congested Speed (mph),AM Delay per Mile (minutes),AM Average Travel Time Index,AM% Travel Time Index,AM Speed Index,AM Congested Minutes,PM Average Speed (mph),PM Congested Speed (mph),PM Delay per Mile (minutes),PM Average Travel Time Index,PM% Travel Time Index,PM Speed Index,PM Congested Minutes,begin lat,begin long,end lat,end long,begin,end
96,99,98.0,5.0,34048.4595,129+04429,I-90,Eastbound,NEWTON,MA-16/Exit 16,Centre St/Exit 17,1.96038308041,3.0,55,45.9406361122,25.4868613139,0.36853328725,1.3931021730700002,2.56,0.835284292949,32.4772817068,47.6255493408,24.6489675516,0.322327987929,1.34381652046,3.36842105263,0.8659190789229999,65.0099880144,42.3520167,-71.21932389999998,42.34219,-71.19147,MA-16,Centre St
106,109,108.0,5.0,47688.64,129+04435,I-90,Eastbound,BOSTON,Arlington St/Tremont St,I-93,0.342807977837,3.0,45,49.9571490095,24.8518518519,0.110120214999,1.10094353042,1.89655172414,1.11015886688,17.4418604651,42.5932591623,17.460266236400006,0.317764515667,1.29128413936,4.58333333333,0.946516870273,64.8952879581,42.3722409,-71.09766499999998,42.362452600000005,-71.0561412,Arlington St/Tremont St,I-93
108,111,110.0,5.0,48472.9476,129+04918,I-90,Eastbound,BOSTON,I-93,Boston Bypass Rd/Exit 24/Exit 25,0.482876866849,2.0,45,47.765586315600004,28.5639810427,0.0561344814994,1.04677873458,1.25,1.0614574736799998,5.69885212694,45.508638804600004,28.5554298643,0.118430996314,1.0986924969299998,1.7241379310299998,1.01130308455,24.767686201300002,42.362452600000005,-71.0561412,42.342349600000006,-71.0530411,I-93,Boston Bypass Rd
110,113,112.0,5.0,49572.2367,129+04919,I-90,Eastbound,BOSTON,Boston Bypass Rd/Exit 24/Exit 25,Ted Williams Tunnel,0.240466254504,2.0,45,45.905264601000006,30.9513888889,0.216130537801,1.19811965965,1.44736842105,1.02011699113,4.73814093776,35.777126787,21.854258443499997,0.586140057203,1.53729505244,4.23076923077,0.7950472619329999,76.606515116,42.342349600000006,-71.0530411,42.356249,-71.02699989999998,Boston Bypass Rd,Ted Williams Tunnel
112,115,114.0,5.0,50002.3641,129+04920,I-90,Eastbound,BOSTON,Ted Williams Tunnel,Ted Williams Tunnel Toll,1.34960660821,2.0,45,49.567933368,25.24,0.242718051914,1.2508086536399998,1.40909090909,1.1015096304,1.87402394586,43.4559434746,24.3097142857,0.412966782416,1.42673234183,2.48,0.96568763277,21.8204488778,42.356249,-71.02699989999998,42.3554044,-71.0270405,Ted Williams Tunnel,Ted Williams Tunnel Toll
113,116,115.0,5.0,52180.8706,129+04921,I-90,Eastbound,BOSTON,Ted Williams Tunnel Toll,William F McClellan Hwy,1.14123850685,2.0,40,46.1756892231,28.7366666667,0.246753465641,1.23441579236,1.58333333333,1.15439223058,9.02255639098,39.0613796233,20.3464566929,0.48341247732,1.45924185345,5.18181818182,0.976534490583,48.413886998,42.3554044,-71.0270405,42.3882938,-71.0163693,Ted Williams Tunnel Toll,William F McClellan Hwy
116,119,118.0,6.0,138.1959,129-04920,I-90,Westbound,BOSTON,William F McClellan Hwy,Ted Williams Tunnel Toll,0.8238715075669999,2.0,25,36.396194605,29.4397381594,0.315190658011,1.2363929935100002,1.7307692307700002,1.4558477842,75.05780346819999,36.0740076825,31.0232198142,0.329914080931,1.2474355606999998,1.60714285714,1.4429603073,79.40588988479999,42.3882938,-71.0163693,42.3554044,-71.0270405,William F McClellan Hwy,Ted Williams Tunnel Toll
117,120,119.0,6.0,1450.5922,129-04919,I-90,Westbound,"BOSTON,",Ted Williams Tunnel Toll,Ted Williams Tunnel,1.62502802681,2.0,45,44.959057341400005,25.3511904762,0.334547553885,1.33454755389,1.5384615384600002,0.999090163143,4.37880104257,43.269614536300004,23.2468193384,0.386654368037,1.38665436804,1.62162162162,0.961546989695,9.90652242412,42.3554044,-71.0270405,42.356249,-71.02699989999998,Ted Williams Tunnel Toll,Ted Williams Tunnel
119,122,121.0,6.0,4099.6887,129-04918,I-90,Westbound,BOSTON,Ted Williams Tunnel,Boston Bypass Rd/Exit 24/Exit 25,0.343075252269,2.0,45,54.1524121014,22.0,0.140241950583,1.14491668227,1.3191489361700002,1.20338693559,0.196238757155,52.223548630299994,30.907407407399997,0.181165053291,1.1872038884,1.40909090909,1.1605233029000002,1.62854988691,42.356249,-71.02699989999998,42.342349600000006,-71.0530411,Ted Williams Tunnel,Boston Bypass Rd
123,126,125.0,6.0,5951.2601,129-04434,I-90,Westbound,BOSTON,I-93,Arlington St/Tremont St,0.243505633966,3.0,45,50.2623980604,25.3529411765,0.0398891694846,1.03457061355,1.15555555556,1.11694217912,3.14745426493,47.3254970889,19.383448275899998,0.113969372472,1.09877345614,2.6,1.05167771309,19.1145776118,42.362452600000005,-71.0561412,42.3722409,-71.09766499999998,I-93,Arlington St/Tremont St
133,136,135.0,6.0,16667.6473,129-04428,I-90,Westbound,NEWTON,Centre St/Exit 17,MA-16/Exit 16,2.28640193397,3.0,55,60.8232168404,18.4230769231,0.0773745085054,1.08511195936,1.5,1.10587666983,4.4635193133,50.7808757118,27.7356828194,0.27245626115800003,1.29970188727,1.69230769231,0.923288649305,5.3485175731400005,42.34219,-71.19147,42.3520167,-71.21932389999998,Centre St,MA-16
162,165,164.0,7.0,13588.9079,129+04106,I-93,Northbound,QUINCY,Furnace Brook Pkwy/Exit 8,Bryant Ave/Exit 9,0.760142279437,4.0,55,17.2231372549,13.962288546500002,2.5313049238900005,3.65787017009,7.875,0.31314795008900004,218.376470588,40.701653411500004,22.4334043057,0.521760635761,1.54784866755,3.9375,0.7400300620270001,106.16157388,42.256639,-71.01667509999999,42.2511909,-71.03853050000001,Furnace Brook Pkwy/Exit 8,Bryant Ave/Exit 9
164,167,166.0,7.0,15127.6193,129+04107,I-93,Northbound,MILTON,Bryant Ave/Exit 9,Squantum St/Exit 10,0.565255812314,4.0,55,16.654455933,14.5687650571,2.67956252917,3.9028594066,7.22222222222,0.302808289692,225.63072378099997,36.8328511733,22.649225538299998,0.7059036768170001,1.76472898322,3.82352941176,0.66968820315,136.13629058200002,42.256257399999996,-71.04064620000001,42.263242,-71.04406449999998,Bryant Ave/Exit 9,Squantum St
166,169,168.0,7.0,16251.4737,129+04108,I-93,Northbound,MILTON,Squantum St/Exit 10,Granite Ave/Exit 11,0.7734247039059999,4.0,55,16.730950049,14.560512874,2.66309121587,3.88501548386,7.22222222222,0.304199091799,225.496571988,35.3196508365,23.3220032841,0.7756941173749999,1.84033529382,3.61111111111,0.6421754697550001,151.886106204,42.263242,-71.04406449999998,42.266191799999994,-71.0450922,Squantum St,Granite Ave
168,171,170.0,7.0,17769.4616,129+04109,I-93,Northbound,"BOSTON, MILTON",Granite Ave/Exit 11,MA-203/Gallivan Blvd/Exit 12,0.666182084339,4.0,55,16.4794708476,15.4562575942,2.71781668053,3.94430140391,6.5,0.299626742684,232.262616365,27.596961297600004,20.7316100823,1.2510754900399998,2.35533178088,4.33333333333,0.501762932684,191.586079458,42.2689915,-71.04636440000002,42.279097799999995,-71.0686637,Granite Ave,MA-203/Gallivan Blvd
170,173,172.0,7.0,19389.3602,129+04111,I-93,Northbound,BOSTON,MA-203/Gallivan Blvd/Exit 12,Freeport St/Exit 13,0.448372409783,4.0,55,21.685750761100007,19.689780243199998,1.82929376523,2.95124668291,4.57142857143,0.394286377474,220.932927428,34.8175152329,30.4601350381,0.7857705894920001,1.83815529546,2.46153846154,0.633045731507,172.53330579400003,42.279097799999995,-71.0686637,42.301281700000004,-71.0503245,MA-203/Gallivan Blvd,Freeport St
172,175,174.0,7.0,20343.7154,129+04112,I-93,Northbound,BOSTON,Freeport St/Exit 13,Morrissey Blvd/Exit 14,0.095805444901,4.0,55,24.4241780475,21.1517553794,1.5190821573700002,2.6203543011900003,4.0,0.444075964501,214.38543247299998,51.7501547349,26.9042553191,0.221916823145,1.23671127802,1.36170212766,0.940911904271,2.3272127088900003,42.301281700000004,-71.0503245,42.3038539,-71.0477473,Freeport St,Morrissey Blvd
174,177,176.0,7.0,20700.6078,129+04113,I-93,Northbound,BOSTON,Morrissey Blvd/Exit 14,Columbia Rd/Exit 15,1.2771779872600002,4.0,55,25.130905511799998,22.238802660799998,1.44999853131,2.54666510007,3.55555555556,0.45692555476,213.070866142,55.4983335017,20.2789699571,0.143613543674,1.15318777992,1.77777777778,1.00906060912,11.295828704200002,42.3038539,-71.0477473,42.320494000000004,-71.05711939999998,Morrissey Blvd,Columbia Rd
176,179,178.0,7.0,23361.492,129+04114,I-93,Northbound,BOSTON,Columbia Rd/Exit 15,Southampton St/Exit 16,0.33790278790600004,4.0,45,34.1219198417,29.8131458094,0.806019520934,1.84632049698,2.42307692308,0.75826488537,165.494309748,51.830994764399996,16.4826941066,0.205227545637,1.21548892292,4.5,1.15179988365,26.864921466,42.320494000000004,-71.05711939999998,42.330960100000006,-71.06437340000001,Columbia Rd,Southampton St
178,181,180.0,7.0,24258.2472,129+04115,I-93,Northbound,BOSTON,Southampton St/Exit 16,Massachusetts Ave/Exit 18,0.0366568010094,4.0,45,48.5831330128,27.177777777800003,0.234996515852,1.23499651585,1.3953488372100002,1.07962517806,4.32692307692,51.779067221400005,20.9405829596,0.158769425944,1.15876942594,2.85714285714,1.15064593825,23.437705277,42.330960100000006,-71.06437340000001,42.40147280000001,-71.13703829999999,Southampton St,Massachusetts Ave
180,183,182.0,7.0,24494.7161,129+04116,I-93,Northbound,BOSTON,Massachusetts Ave/Exit 18,Massachusetts Tpke/Exit 20,1.0710837051,3.0,45,47.1292844257,21.2442588727,0.182184713317,1.16700265387,3.05555555556,1.04731743168,34.56404089,35.1296797005,15.919830281400001,0.617048411452,1.5656277105,7.857142857139999,0.7806595489,111.763727121,42.40147280000001,-71.13703829999999,42.34789929999999,-71.0972694,Massachusetts Ave,Massachusetts Tpke
182,185,184.0,7.0,26251.0005,129+04117,I-93,Northbound,BOSTON,Massachusetts Tpke/Exit 20,Essex St,0.449473495036,3.0,45,43.7847178847,23.656484962399997,0.238265663263,1.21046800255,2.94444444444,0.97299373077,53.1667707683,30.7643543223,16.662941176500002,0.818233622112,1.72277303287,5.88888888889,0.683652318273,130.629669157,42.34789929999999,-71.0972694,42.3523489,-71.0579917,Massachusetts Tpke,Essex St
183,186,185.0,7.0,26970.7008,129+04118,I-93,Northbound,BOSTON,Essex St,South St/Surface Rd,0.0696414382702,4.0,45,47.9247470729,26.347305389200002,0.268356231467,1.27282883532,2.25925925926,1.0649943794,22.78049335,36.8543594057,21.0171762281,0.6444233681889999,1.65516375766,4.35714285714,0.81898576457,97.9310344828,42.3523489,-71.0579917,42.3529243,-71.056241,Essex St,South St/Surface Rd
184,187,186.0,7.0,27076.5329,129+04119,I-93,Northbound,BOSTON,South St/Surface Rd,Atlantic Ave/Exit 22,0.0756403928504,4.0,45,47.349387755100004,24.417592592600002,0.283569278356,1.28829543299,2.77272727273,1.0522086167799998,30.227405247800004,36.004010312199995,20.655105348499998,0.682874467366,1.69425570849,4.69230769231,0.80008911805,106.044113435,42.3529243,-71.056241,42.3531282,-71.05473690000001,South St/Surface Rd,Atlantic Ave
185,188,187.0,7.0,27179.7569,129+04120,I-93,Northbound,BOSTON,Atlantic Ave/Exit 22,High St/Congress St/Exit 23,0.137498830387,4.0,45,46.5592885375,23.8835725678,0.30507292817,1.3101574769700002,3.05,1.03465085639,34.9872122762,35.0933612858,20.3429084381,0.7261185245649999,1.7382204999700002,5.08333333333,0.779852473018,112.100628931,42.3531282,-71.05473690000001,42.354645,-71.05491460000002,Atlantic Ave,High St/Congress St
187,190,189.0,7.0,27819.8084,129+04121,I-93,Northbound,BOSTON,High St/Congress St/Exit 23,US-1/Exit 24,0.308360312186,4.0,45,48.118394001700004,27.3911525029,0.263317851569,1.26770648243,2.17857142857,1.06929764448,24.9316725118,35.733583489699996,21.4331782946,0.695486165504,1.7070776016,4.69230769231,0.794079633104,111.70443065399999,42.354645,-71.05491460000002,42.3623239,-71.0564031,High St/Congress St,US-1
189,192,191.0,7.0,28406.1225,129+04122,I-93,Northbound,BOSTON,US-1/Exit 24,Causeway St/Exit 25,0.328476540142,4.0,45,50.697177177200004,32.125,0.231116893866,1.24267273856,1.65789473684,1.12660393727,2.07567567568,43.0780818479,29.383709519099998,0.440438723572,1.4624606597499998,2.1724137931,0.95729070773,30.700477027399998,42.3623239,-71.0564031,42.3656404,-71.06078219999998,US-1,Causeway St
190,193,192.0,7.0,28944.0099,129+04123,I-93,Northbound,BOSTON,Causeway St/Exit 25,James J Storrow Memorial Dr/Exit 26B,0.0442488317721,4.0,45,51.071734811300004,29.12,0.122186551311,1.11607722375,1.29545454545,1.13492744025,1.25483634843,39.8299595142,26.8479817708,0.45377216165,1.43108355357,2.47826086957,0.885110211426,76.5369043912,42.3656404,-71.06078219999998,42.3550974,-71.07921809999998,Causeway St,James J Storrow Memorial DrB
192,195,194.0,7.0,29173.741,129+04124,I-93,Northbound,BOSTON,James J Storrow Memorial Dr/Exit 26B,US-1/Exit 27,0.201313020997,4.0,45,53.1883997496,25.5,0.0754339444079,1.07166224719,1.21276595745,1.18196443888,0.100146046318,39.6685417109,18.4960764244,0.459901965575,1.4369068672999998,4.75,0.881523149131,74.6593080025,42.3550974,-71.07921809999998,42.3623239,-71.0564031,James J Storrow Memorial DrB,US-1
194,197,196.0,7.0,29830.8451,129+08582,I-93,Northbound,"BOSTON, SOMERVILLE",US-1/Exit 27,Cambridge St,1.15028522434,4.0,45,57.128328062799994,26.0,0.0157842811219,1.01525813842,1.1153846153799998,1.2695184014,0.0489646026727,36.349588660900004,18.725490196099997,0.616154902226,1.59561640549,5.27272727273,0.807768636909,115.254237288,42.39463689999999,-71.1113647,42.382565500000005,-71.0782425,US-1,Cambridge St
195,198,197.0,7.0,31386.8682,129+08583,I-93,Northbound,"BOSTON, SOMERVILLE",Cambridge St,I-93,1.38471383203,4.0,45,62.2636129696,26.0,0.0261446897044,1.02788766902,1.1034482758600002,1.38363584377,0.0247040658775,35.587654321,21.7637446809,0.7484779365850001,1.79837646569,4.26666666667,0.790836762689,139.259259259,42.382565500000005,-71.0782425,42.397608,-71.10960399999998,Cambridge St,I-93
196,199,198.0,7.0,33103.2907,129+04127,I-93,Northbound,"MEDFORD, SOMERVILLE",I-93,Mystic Ave/Exit 30,0.543804608643,4.0,55,65.0559506379,0.0,0.06514018401840001,1.07599688135,1.14754098361,1.18283546614,0.0,34.8286955622,22.1881924921,0.865574546752,2.00983697121,4.66666666667,0.6332490102220001,150.127236992,42.3767959,-71.0891184,42.4007087,-71.0966253,I-93,Mystic Ave
198,201,200.0,7.0,34380.8479,129+04128,I-93,Northbound,MEDFORD,Mystic Ave/Exit 30,Mystic Valley Pkwy/Exit 31,0.290141785151,4.0,55,62.1201269266,0.0,0.0427936082394,1.0463597422600002,1.14035087719,1.12945685321,0.0,34.2409923821,24.6994544037,0.82920873881,1.8983094670400005,3.61111111111,0.622563497857,158.49289685,42.4075336,-71.10320390000003,42.4189407,-71.1147835,Mystic Ave,Mystic Valley Pkwy
200,203,202.0,7.0,35491.2628,129+04129,I-93,Northbound,MEDFORD,Mystic Valley Pkwy/Exit 31,MA-60/Exit 32,0.221967684424,4.0,55,62.650738971,22.6,0.0485993110959,1.05345924221,1.15789473684,1.1391043449299998,0.533392599178,34.5872245806,26.732707215300003,0.82565365997,1.90821902597,3.3,0.628858628737,162.71679805899998,42.4189407,-71.1147835,42.41856920000001,-71.1062845,Mystic Valley Pkwy,MA-60
202,205,204.0,7.0,36538.5539,129+04130,I-93,Northbound,MEDFORD,MA-60/Exit 32,MA-28/Fellsway/Exit 33,0.248182214984,4.0,55,63.934828607700005,25.794117647100002,0.0429332441303,1.04794212261,1.13559322034,1.16245142923,1.72661870504,44.3214765795,28.4199175389,0.458223123835,1.5116824882799995,2.79166666667,0.805845028718,78.2463033812,42.41856920000001,-71.1062845,42.391851,-71.089302,MA-60,MA-28/Fellsway
204,207,206.0,7.0,37639.2168,129+04131,I-93,Northbound,"MEDFORD, STONEHAM",MA-28/Fellsway/Exit 33,MA-28/Main St/Exit 34,1.7939925413099995,4.0,65,63.5845853056,24.3005181347,0.0345340231409,1.03798742545,1.40425531915,0.978224389317,4.766412842149999,49.0991538079,25.1533596838,0.312926077898,1.34421868569,2.75,0.755371597044,30.2239920358,42.42461470000001,-71.08703129999998,42.436493,-71.13255300000002,MA-28/Fellsway,MA-28/Main St
206,209,208.0,7.0,40713.508,129+04132,I-93,Northbound,STONEHAM,MA-28/Main St/Exit 34,Fallon Rd/Exit 35,0.726276995958,4.0,65,63.8836705984,21.8408812729,0.082064289816,1.09574167145,3.04347826087,0.982825701514,21.2184828482,51.0473498987,24.2464975388,0.318236474381,1.37127588678,4.1176470588199985,0.785343844595,67.595179695,42.48264169999999,-71.1000734,42.4688028,-71.1084364,MA-28/Main St,Fallon Rd
208,211,210.0,7.0,42209.9025,129+04133,I-93,Northbound,"STONEHAM, WINCHESTER",Fallon Rd/Exit 35,Montvale Ave/Exit 36,0.432451741214,4.0,65,59.432873539,25.8491198659,0.152399445412,1.17779935298,2.8,0.9143519006,30.1484679372,46.5906383868,26.509487666,0.430669503398,1.50244775396,3.5,0.716779052105,79.2895204263,42.4688028,-71.1084364,42.4812922,-71.10836909999998,Fallon Rd,Montvale Ave
233,236,235.0,8.0,17588.0595,129-04132,I-93,Southbound,"STONEHAM, WINCHESTER, WOBURN",Montvale Ave/Exit 36,Fallon Rd/Exit 35,0.447645580733,4.0,65,41.7876349562,21.1761552208,0.5267405291539999,1.57941458207,5.5,0.642886691634,95.7506620493,62.4678185745,21.1818181818,0.0514036522556,1.05654401748,1.2,0.961043362685,1.71058315335,42.47992070000001,-71.1150657,42.4688028,-71.1084364,Montvale Ave,Fallon Rd
235,238,237.0,8.0,18645.2476,129-04131,I-93,Southbound,STONEHAM,Fallon Rd/Exit 35,MA-28/Main St/Exit 34,0.7362914022920001,4.0,65,37.9544797688,16.3685162847,0.685318671165,1.76527251613,8.375,0.583915073366,123.22047894299999,66.8035234719,22.8333333333,0.00263383008095,1.00294111026,1.08064516129,1.02774651495,0.464067031905,42.4688028,-71.1084364,42.48264169999999,-71.1000734,Fallon Rd,MA-28/Main St
237,240,239.0,8.0,20000.4908,129-04130,I-93,Southbound,"MEDFORD, STONEHAM",MA-28/Main St/Exit 34,MA-28/Fellsway/Exit 33,1.49539308192,4.0,65,31.376079404499997,16.686456119000002,1.02993186747,2.16725611646,7.555555555560001,0.482708913915,156.887344913,67.3388625592,22.195121951199997,0.008662999985510001,1.00981806665,1.07936507937,1.03598250091,1.01380589326,42.436493,-71.13255300000002,42.42461470000001,-71.08703129999998,MA-28/Main St,MA-28/Fellsway
239,242,241.0,8.0,23584.7804,129-04129,I-93,Southbound,MEDFORD,MA-28/Fellsway/Exit 33,MA-60/Exit 32,0.250043169109,4.0,55,23.6410358964,16.0206210875,1.65560691231,2.87635450062,8.5,0.429837016298,195.508449155,63.205545246199996,14.5192307692,0.0669308560969,1.07585497024,1.1724137931,1.14919173175,1.3622966925,42.391851,-71.089302,42.41856920000001,-71.1062845,MA-28/Fellsway,MA-60
241,244,243.0,8.0,24650.1718,129-04128,I-93,Southbound,MEDFORD,MA-60/Exit 32,Mystic Valley Pkwy/Exit 31,0.373844208877,4.0,55,19.7727090836,14.4602227069,2.16492033268,3.48965838258,8.625,0.359503801521,209.147659064,62.0711614606,20.5648854962,0.09706725070039998,1.11162733831,1.23214285714,1.12856657201,3.45798504179,42.41856920000001,-71.1062845,42.4189407,-71.1147835,MA-60,Mystic Valley Pkwy
243,246,245.0,8.0,25426.6483,129-04127,I-93,Southbound,MEDFORD,Mystic Valley Pkwy/Exit 31,Mystic Ave/Exit 30,0.576149973597,4.0,55,20.49107674,16.1183531523,2.01901290708,3.2209141977900004,7.333333333330001,0.372565031637,212.11183819200002,61.9046946316,18.1139705882,0.0601409134237,1.06615500477,1.1785714285700002,1.12553990239,7.09410997609,42.4189407,-71.1147835,42.4075336,-71.10320390000003,Mystic Valley Pkwy,Mystic Ave
245,248,247.0,8.0,26553.9212,129-04126,I-93,Southbound,"MEDFORD, SOMERVILLE",Mystic Ave/Exit 30,MA-28,0.715536870186,4.0,55,19.503245132300002,16.03910924,2.15333418661,3.33277870216,7.22222222222,0.354604456951,216.29955067400002,57.725955778199996,15.7971223022,0.116316867656,1.12600993996,3.42105263158,1.04956283233,18.1679555604,42.4007087,-71.0966253,42.385837,-71.09092849999998,Mystic Ave,MA-28
246,249,248.0,8.0,27718.2616,129-08582,I-93,Southbound,"BOSTON, SOMERVILLE",MA-28,Cambridge St,1.39706166206,4.0,55,20.9796768117,18.0579949378,1.84296144276,2.81224541872,5.9,0.381448669304,216.206999108,45.89198788260001,16.228021978,0.290468607471,1.28562746401,5.9,0.834399779683,54.7539956127,42.355981799999995,-71.06938050000001,42.382565500000005,-71.0782425,MA-28,Cambridge St
247,250,249.0,8.0,29124.7098,129-08581,I-93,Southbound,"BOSTON, CAMBRIDGE, SOMERVILLE",Cambridge St,I-93/US-1,1.13957828315,3.0,45,33.7759763434,25.5369987598,0.622564375044,1.5395557916999998,3.25,0.750577252076,118.39706332200001,35.297064085,14.4826222097,0.546011937905,1.47321034618,7.42857142857,0.7843792018889999,89.3780911291,42.3611765,-71.11692120000001,42.39588440000001,-71.088666,Cambridge St,I-93/US-1
249,252,251.0,8.0,31026.4154,129-04123,I-93,Southbound,BOSTON,US-1/Exit 27,James J Storrow Memorial Dr/Exit 26B,0.200100470783,4.0,45,35.876188464,25.2658806545,0.54034299216,1.47730297641,3.1176470588200003,0.7972486325329999,105.370800761,29.090552040100004,13.5938856016,0.930449842954,1.82189736128,8.833333333330001,0.646456712003,132.751472834,42.3623239,-71.0564031,42.3550974,-71.07921809999998,US-1,James J Storrow Memorial DrB
251,254,253.0,8.0,31511.6082,129-04122,I-93,Southbound,BOSTON,James J Storrow Memorial Dr/Exit 26B,Causeway St/Exit 25,0.035013454379400004,4.0,45,39.3351727182,24.716351118800002,0.490869638578,1.47450731729,3.41176470588,0.874114949294,76.945149542,28.3100243417,15.449077490799999,1.08490785991,2.0487442645800003,9.66666666667,0.629111652037,143.92564726700002,42.3550974,-71.07921809999998,42.3656404,-71.06078219999998,James J Storrow Memorial DrB,Causeway St
252,255,254.0,8.0,31563.7648,129-04121,I-93,Southbound,BOSTON,Causeway St/Exit 25,US-1/Exit 24,0.327301694085,4.0,45,44.3171860537,24.5465798046,0.336927420923,1.33131196391,2.8095238095200004,0.984826356749,37.8895402654,31.152238806,17.517617968299998,0.909076144506,1.89392487543,7.375,0.692271973466,128.769485904,42.3656404,-71.06078219999998,42.3623239,-71.0564031,Causeway St,US-1
254,257,256.0,8.0,32197.1582,129-04120,I-93,Southbound,BOSTON,US-1/Exit 24,High St/Congress St/Exit 23,0.31213897388,4.0,45,35.9961235615,23.050512820500003,0.699104215256,1.7224076891,4.42857142857,0.799913856922,113.385826772,24.838640582600004,19.536216408599998,1.44784919965,2.49611083963,8.85714285714,0.551969790725,192.568899043,42.3623239,-71.0564031,42.354645,-71.05491460000002,US-1,High St/Congress St
256,259,258.0,8.0,33060.5699,129-04119,I-93,Southbound,BOSTON,High St/Congress St/Exit 23,Atlantic Ave/Exit 22,0.13673845384400002,3.0,45,43.46480564310001,24.6767895879,0.498074259917,1.5644841612399998,3.5789473684199997,0.965884569847,66.4205312922,26.0917256866,21.093675804,1.4172266543099998,2.60619020822,7.555555555560001,0.5798161263699999,192.074624287,42.354645,-71.05491460000002,42.3531282,-71.05473690000001,High St/Congress St,Atlantic Ave
257,260,259.0,8.0,33279.2508,129-04118,I-93,Southbound,BOSTON,Atlantic Ave/Exit 22,South St/Surface Rd,0.119778474259,3.0,45,47.0450841934,27.5528068506,0.393019417674,1.4454220067,2.51851851852,1.04544631541,34.2531233026,26.9779424145,21.5528920167,1.34168620451,2.52057769844,6.181818181819999,0.5995098314339999,183.748105742,42.3531282,-71.05473690000001,42.3529243,-71.056241,Atlantic Ave,South St/Surface Rd
258,261,260.0,8.0,33476.9918,129-04117,I-93,Southbound,BOSTON,South St/Surface Rd,Essex St,0.129346880954,3.0,45,46.55711882550001,24.023352794,0.406386600995,1.46057148113,3.5789473684199997,1.0346026405700002,44.0067288576,23.0608800482,18.722689075599998,1.71945583085,2.94871660829,6.181818181819999,0.512464001072,202.278481013,42.3529243,-71.056241,42.3523489,-71.0579917,South St/Surface Rd,Essex St
259,262,261.0,8.0,33672.6297,129-04116,I-93,Southbound,BOSTON,Essex St,Massachusetts Tpke/Exit 20,0.433374650104,4.0,45,44.2237703942,27.0927573062,0.10673642173,1.08538913738,1.92,0.982750453204,44.9874955341,12.4953651828,11.2277248677,3.55178042994,3.84142434396,8.0,0.277674781841,231.027808903,42.3523489,-71.0579917,42.34789929999999,-71.0972694,Essex St,Massachusetts Tpke
261,264,263.0,8.0,34396.6647,129-04115,I-93,Southbound,BOSTON,Massachusetts Tpke/Exit 20,Massachusetts Ave/Exit 18,1.07567491393,5.0,45,51.5374837354,16.6220930233,0.0927726206221,1.08658777925,1.69696969697,1.14527741634,12.3951556401,13.457165338800001,12.4884261599,3.3871627061000003,4.161351859030002,7.0,0.299048118641,233.532015344,42.34789929999999,-71.0972694,42.40147280000001,-71.13703829999999,Massachusetts Tpke,Massachusetts Ave
263,266,265.0,8.0,36272.6557,129-04114,I-93,Southbound,BOSTON,Massachusetts Ave/Exit 18,Southampton St/Exit 16,0.0365069943555,4.0,45,54.532352327299996,17.9132947977,0.14788333917000002,1.1552775061299998,2.8636363636400004,1.21183005172,17.3324984346,20.1488732538,19.6724298582,2.02545305572,3.1267257085000004,4.5,0.447752738973,236.378097277,42.40147280000001,-71.13703829999999,42.330960100000006,-71.06437340000001,Massachusetts Ave,Southampton St
265,268,267.0,8.0,36656.041,129-04113,I-93,Southbound,BOSTON,Southampton St/Exit 16,Columbia Rd/Exit 15,0.356205734833,4.0,45,52.3300188403,20.6862745098,0.194188480035,1.20389790404,3.5,1.16288930756,29.4661921708,28.8028788485,27.136634108000003,1.13074415173,2.18728135932,3.31578947368,0.6400639744100001,213.68252698900002,42.330960100000006,-71.06437340000001,42.320494000000004,-71.05711939999998,Southampton St,Columbia Rd
267,270,269.0,8.0,37855.8286,129-04112,I-93,Southbound,BOSTON,Columbia Rd/Exit 15,Morrissey Blvd/Exit 14,1.27584331969,4.0,45,46.821346173100004,20.081979599500002,0.358389862994,1.38825568491,4.6428571428600005,1.0404743594,63.7255492025,41.1590247818,26.721175584,0.534683563672,1.57924052731,2.95454545455,0.914644995151,63.9068927461,42.320494000000004,-71.05711939999998,42.3038539,-71.0477473,Columbia Rd,Morrissey Blvd
269,272,271.0,8.0,40101.0913,129-04111,I-93,Southbound,BOSTON,Morrissey Blvd/Exit 14,Freeport St/Exit 13,0.0945255745865,4.0,45,47.77106551399999,26.3011894647,0.3468994975370001,1.38158944729,3.0,1.0615792336399998,58.843870430200006,39.6616301341,26.941248770900003,0.6037062149100001,1.6640768363999998,3.3,0.881369558535,103.88593317700001,42.3038539,-71.0477473,42.301281700000004,-71.0503245,Morrissey Blvd,Freeport St
271,274,273.0,8.0,40492.4092,129-04110,I-93,Southbound,BOSTON,Freeport St/Exit 13,Morrissey Blvd/Neponset Ave,0.618379443477,4.0,55,54.2421222189,19.723320158099998,0.197060501392,1.21676655153,2.0,0.986220403979,12.225913621300002,45.222920746199996,28.249507874000006,0.417669923912,1.4594369163,2.64,0.8222349226569999,50.26074409979999,42.301281700000004,-71.0503245,42.2869736,-71.0427196,Freeport St,Morrissey Blvd/Neponset Ave
273,276,275.0,8.0,41966.6226,129-04108,I-93,Southbound,"BOSTON, MILTON",MA-203/Gallivan Blvd/Exit 12,Granite Ave/Exit 11,0.578256582493,4.0,55,57.18815961399999,17.218934911199998,0.111668226517,1.11911277495,1.23076923077,1.03978472026,4.07679163735,48.3831690212,26.9309021113,0.302600663387,1.32277404095,2.56,0.8796939822040001,38.1258257953,42.279097799999995,-71.0686637,42.2689915,-71.04636440000002,MA-203/Gallivan Blvd,Granite Ave
275,278,277.0,8.0,43544.6346,129-04107,I-93,Southbound,MILTON,Granite Ave/Exit 11,Squantum St/Exit 10,0.490501954986,4.0,55,59.8666666667,19.6782608696,0.0791502484153,1.08574610245,1.1818181818200002,1.0884848484799998,5.635528330780001,41.3832378223,24.9235622422,0.526785464626,1.57068425335,3.42105263158,0.752422505861,101.211625051,42.266191799999994,-71.0450922,42.263242,-71.04406449999998,Granite Ave,Squantum St
277,280,279.0,8.0,44608.4193,129-04106,I-93,Southbound,MILTON,Squantum St/Exit 10,Bryant Ave/Exit 9,0.549038155315,4.0,55,59.688601886,20.375,0.0821401217883,1.08898513194,1.1818181818200002,1.0852473070200002,2.9520295202999995,37.5473330619,24.1436128527,0.6749060788339999,1.73114825207,3.82352941176,0.682678782943,124.690553746,42.263242,-71.04406449999998,42.256257399999996,-71.04064620000001,Squantum St,Bryant Ave/Exit 9
279,282,281.0,8.0,45854.3956,129-04105,I-93,Southbound,QUINCY,Bryant Ave/Exit 9,Furnace Brook Pkwy/Exit 8,0.5669892825230001,4.0,55,57.384385313500005,26.1742424242,0.0778386640499,1.08043328618,1.19230769231,1.0433524602500002,3.2673267326700004,31.667583256999997,23.4194016846,0.926940065134,1.9578380673,4.13333333333,0.575774241035,168.31041857600002,42.2511909,-71.03853050000001,42.256639,-71.01667509999999,Bryant Ave/Exit 9,Furnace Brook Pkwy/Exit 8
317,320,319.0,9.0,32297.3495,129+04357,I-95,Northbound,"DEDHAM, NEEDHAM",MA-135/West St/Exit 17,Great Plain Ave/Exit 18,0.338330099851,3.0,55,52.0217,25.562295082,0.244273936733,1.26870133041,3.0,0.945849090909,43.92,65.1921342423,25.5882352941,0.0112655219017,1.01239207409,1.08196721311,1.18531153168,0.427897220766,42.29317929999999,-71.2360277,42.269595200000005,-71.19909179999998,MA-135/West St,Great Plain Ave
319,322,321.0,9.0,33072.8192,129+04358,I-95,Northbound,NEEDHAM,Great Plain Ave/Exit 18,Highland Ave/Exit 19,2.30757187515,3.0,55,49.9825443787,25.6792828685,0.277342158141,1.30045400465,2.95454545455,0.908773534158,47.5266272189,64.3237245956,31.0666666667,0.00970488297075,1.01051362322,1.08333333333,1.16952226537,0.373289091663,42.2802636,-71.2332446,42.2933941,-71.23525819999998,Great Plain Ave,Highland Ave
321,324,323.0,9.0,37509.0285,129+04359,I-95,Northbound,NEEDHAM,Highland Ave/Exit 19,MA-9/Worcester St/Exit 20,0.618775780801,3.0,55,48.4226649314,28.6590621039,0.301589176215,1.3216951213,2.37037037037,0.8804120896619999,37.9137050756,57.65119728760001,30.5277777778,0.103241612021,1.11012438616,1.39130434783,1.04820358705,3.6617927527,42.2933941,-71.23525819999998,42.3168898,-71.22892879999998,Highland Ave,MA-9/Worcester St
334,337,336.0,9.0,51752.2459,129+04368,I-95,Northbound,"LEXINGTON, WALTHAM",Trapelo Rd/Exit 28,MA-2/Exit 29,0.363581886383,4.0,55,62.362584679499996,24.180327868899997,0.0390384271501,1.04229162941,1.12068965517,1.13386517599,1.52579468473,50.857055899399995,28.609958506199998,0.256700375057,1.2780920729799998,2.40740740741,0.924673743625,41.075377904,42.4098636,-71.2303536,42.376441899999996,-71.23577409999999,Trapelo Rd,MA-2
336,339,338.0,9.0,53172.4049,129+04369,I-95,Northbound,LEXINGTON,MA-2/Exit 29,MA-2/Marrett Rd/Exit 30,0.311417671968,4.0,55,61.885901778199994,23.9482758621,0.0464492254647,1.05031999425,1.16071428571,1.12519821415,5.8933107536,47.5403422983,24.8753188776,0.33900906746,1.36725982308,3.42105263158,0.8643698599690001,76.67481662590001,42.42172830000001,-71.23023049999998,42.4360124,-71.2123823,MA-2,MA-2/Marrett Rd
338,341,340.0,9.0,54919.1203,129+04370,I-95,Northbound,LEXINGTON,MA-2/Marrett Rd/Exit 30,MA-225/MA-4/Bedford St/Exit 31,1.67172085272,4.0,55,62.0882383154,25.094876660300002,0.0572756947617,1.06300326424,2.0,1.12887706028,12.9922958398,36.9695164333,23.3485503764,0.713867836075,1.78525461968,4.125,0.6721730260600001,148.775692583,42.4360124,-71.2123823,42.46141679999999,-71.23932649999998,MA-2/Marrett Rd,MA-225/MA-4/Bedford St
340,343,342.0,9.0,58410.5861,129+04371,I-95,Northbound,LEXINGTON,MA-225/MA-4/Bedford St/Exit 31,US-3/Middlesex Tpke/Exit 32,0.7732013273720001,4.0,55,57.5529423743,28.397540983600006,0.0901374233056,1.09464429447,1.8,1.04641713408,11.9242516799,40.3312120911,28.9757575758,0.535300594717,1.56206562445,2.73913043478,0.733294765292,86.62623048620001,42.46141679999999,-71.23932649999998,42.471714,-71.21142069999998,MA-225/MA-4/Bedford St,US-3/Middlesex Tpke
346,349,348.0,9.0,64687.886,129+04374,I-95,Northbound,"BURLINGTON, WOBURN",Winn St/Exit 34,MA-38/Exit 35,0.658898857588,4.0,55,64.7008094645,21.875,0.0182545213077,1.02007997344,1.08196721311,1.1763783539,1.39476961395,40.3827283606,24.0348446683,0.576692801812,1.63436208199,4.125,0.7342314247380001,114.016753091,42.494700200000004,-71.17721689999998,42.4769704,-71.16588730000001,Winn St,MA-38
348,351,350.0,9.0,66512.2028,129+04375,I-95,Northbound,WOBURN,MA-38/Exit 35,Washington St/Exit 36,1.0278655554,4.0,55,64.0528361345,24.1875,0.0412042835595,1.0460114499700002,1.11666666667,1.16459702063,2.01680672269,35.6572406159,22.3772384937,0.7871653063230001,1.87900125873,4.78571428571,0.648313465743,144.30914763,42.479266100000004,-71.15227540000001,42.4921539,-71.1232031,MA-38,Washington St
350,353,352.0,9.0,68629.0226,129+04376,I-95,Northbound,WOBURN,Washington St/Exit 36,I-93/Exit 37,0.155166114202,4.0,55,53.20160416220001,27.2343096234,0.1441789849,1.14658196798,1.7941176470599998,0.967301893857,12.4344244526,34.6068076328,23.745386799099997,0.7501563668610001,1.7626589729799995,4.06666666667,0.629214684233,139.519339866,42.4921539,-71.1232031,42.4847502,-71.1170824,Washington St,I-93
415,418,417.0,10.0,28631.9704,129-04375,I-95,Southbound,WOBURN,I-93/Exit 37,Washington St/Exit 36,0.208877524335,4.0,55,36.809606187,24.491875114099997,0.662267353263,1.68434293171,3.647058823530001,0.669265567037,133.76208405399998,58.5762818496,18.953125,0.0565634336076,1.05844888139,1.14814814815,1.06502330636,1.61056936143,42.4847502,-71.1170824,42.4921539,-71.1232031,I-93,Washington St
417,420,419.0,10.0,29318.7895,129-04374,I-95,Southbound,WOBURN,Washington St/Exit 36,MA-38/Exit 35,1.04404085419,4.0,55,42.2455844414,26.990256410300002,0.482766775651,1.51495122736,3.04761904762,0.768101535297,92.87557054969999,62.3448983782,21.0267857143,0.0248882877484,1.02654750693,1.12280701754,1.13354360688,2.75918702525,42.4921539,-71.1232031,42.479266100000004,-71.15227540000001,Washington St,MA-38
419,422,421.0,10.0,31765.3116,129-04373,I-95,Southbound,"BURLINGTON, WOBURN",MA-38/Exit 35,Winn St/Exit 34,0.6896608504970001,4.0,55,49.50434868550001,27.597391304299997,0.288937810844,1.31301596175,2.6,0.900079067009,54.5562364104,60.2620918984,26.5460526316,0.0725738767846,1.07862169985,1.80555555556,1.09567439815,11.027811366400002,42.4769704,-71.16588730000001,42.494700200000004,-71.17721689999998,MA-38,Winn St
425,428,427.0,10.0,37939.7289,129-04370,I-95,Southbound,LEXINGTON,US-3/Middlesex Tpke/Exit 32,MA-225/MA-4/Bedford St/Exit 31,0.748041635009,4.0,55,43.10476190479999,20.8598654709,0.482866669345,1.5311533362799998,5.07692307692,0.783722943723,106.19047619,61.3368409976,21.694638694600002,0.0691140167605,1.07602541844,2.8695652173900004,1.1152152908700002,21.668946648400002,42.471714,-71.21142069999998,42.46141679999999,-71.23932649999998,US-3/Middlesex Tpke,MA-225/MA-4/Bedford St
427,430,429.0,10.0,39848.1387,129-04369,I-95,Southbound,LEXINGTON,MA-225/MA-4/Bedford St/Exit 31,MA-2/Marrett Rd/Exit 30,1.7867256853,4.0,55,42.531625615799996,22.1862393545,0.487638024479,1.5282745265200002,4.6428571428600005,0.7733022839229999,105.50541871899999,55.6196288077,25.632875143200003,0.15567892780099998,1.1686521717799998,2.95454545455,1.01126597832,42.267500504299996,42.46141679999999,-71.23932649999998,42.4360124,-71.2123823,MA-225/MA-4/Bedford St,MA-2/Marrett Rd
429,432,431.0,10.0,43400.4375,129-04368,I-95,Southbound,LEXINGTON,MA-2/Marrett Rd/Exit 30,MA-2/Exit 29,0.548801315355,4.0,55,39.5878264323,21.3987835012,0.59254051307,1.64191888916,4.33333333333,0.7197786624060001,125.373845696,49.5947438388,25.0677471637,0.286728700579,1.31062275896,3.25,0.901722615252,75.7132631148,42.4360124,-71.2123823,42.42172830000001,-71.23023049999998,MA-2/Marrett Rd,MA-2
431,434,433.0,10.0,45142.1113,129-04367,I-95,Southbound,"LEXINGTON, WALTHAM",MA-2/Exit 29,Trapelo Rd/Exit 28,0.514542770119,4.0,55,47.8409570725,28.4612068966,0.345064602662,1.3795710629299998,2.75,0.8698355831360001,72.7696793003,46.89585234760001,25.8231847134,0.3703399359920001,1.40737392959,3.3,0.8526518608660001,95.5278369334,42.376441899999996,-71.23577409999999,42.4098636,-71.2303536,MA-2,Trapelo Rd
445,448,447.0,10.0,58979.1044,129-04358,I-95,Southbound,NEEDHAM,MA-9/Worcester St/Exit 20,Highland Ave/Exit 19,0.669683921885,3.0,55,58.436891213,26.0388349515,0.0743677119404,1.07808609754,1.21153846154,1.06248893114,2.534604737,48.570713141000006,27.1604584527,0.282931360736,1.29707792877,2.1724137931,0.883103875291,25.1682692308,42.3168898,-71.22892879999998,42.2933941,-71.23525819999998,MA-9/Worcester St,Highland Ave
447,450,449.0,10.0,60808.5796,129-04357,I-95,Southbound,NEEDHAM,Highland Ave/Exit 19,Great Plain Ave/Exit 18,2.52253273188,3.0,55,64.090773957,30.25,0.0,1.0,1.03278688525,1.16528679922,0.0951342780696,45.4982328686,25.4498404821,0.3663515833030001,1.38466916247,3.15,0.827240597612,66.4677007658,42.2933941,-71.23525819999998,42.2802636,-71.2332446,Highland Ave,Great Plain Ave
449,452,451.0,10.0,65120.4104,129-04356,I-95,Southbound,"DEDHAM, NEEDHAM",Great Plain Ave/Exit 18,MA-135/West St/Exit 17,0.317614576172,3.0,55,58.648811962299995,25.1282051282,0.0230386258899,1.02303862589,1.11111111111,1.06634203568,0.958623514953,41.4106066693,28.525988286999997,0.4489041534480001,1.44890415345,2.5,0.752920121261,65.8577742065,42.269595200000005,-71.19909179999998,42.264031200000005,-71.20526890000001,Great Plain Ave,MA-135/West St
572,575,574.0,13.0,31869.0679,129-04406,MA-2,Eastbound,LEXINGTON,Spring St/Exit 53,Waltham St/Exit 54,0.693149511435,3.0,55,65.4496571242,31.5333333333,0.0212127429761,1.02368756299,1.09836065574,1.18999376589,0.391858060303,65.24571028359999,0.0,0.0240782989304,1.02688743381,1.09836065574,1.18628564152,0.0,42.4264314,-71.2488626,42.430100200000005,-71.23199989999998,Spring St,Waltham St
574,577,576.0,13.0,33370.7806,129-04405,MA-2,Eastbound,LEXINGTON,Waltham St/Exit 54,Pleasant St/Exit 55,0.483786623912,3.0,55,65.36048064090001,0.0,0.0224635173636,1.0250842610600002,1.09836065574,1.18837237529,0.0,65.08505720560001,0.0,0.0263482006143,1.02942215735,1.11666666667,1.18336467647,0.0,42.430100200000005,-71.23199989999998,42.420711600000004,-71.2112255,Waltham St,Pleasant St
576,579,578.0,13.0,34458.083,129-04404,MA-2,Eastbound,LEXINGTON,Pleasant St/Exit 55,MA-225/MA-4/Exit 56,0.329294172438,3.0,55,65.3958449061,0.0,0.0219670959608,1.02452992382,1.09836065574,1.18901536193,0.0,64.95690953319999,0.0,0.028166876580400006,1.03145301218,1.11666666667,1.18103471879,0.0,42.420711600000004,-71.2112255,42.46141679999999,-71.23932649999998,Pleasant St,MA-225/MA-4
578,581,580.0,13.0,35318.7794,129-04403,MA-2,Eastbound,"ARLINGTON, LEXINGTON",MA-225/MA-4/Exit 56,Dow Ave/Exit 57,0.539676149688,4.0,55,64.3904569177,0.0,0.00873817611886,1.00946635746,1.08333333333,1.17073558032,0.0,64.3839417719,0.0,0.00883246843878,1.00956850748,1.08333333333,1.17061712312,0.0,42.4281204,-71.20689909999999,42.4170287,-71.19071269999998,MA-225/MA-4,Dow Ave
580,583,582.0,13.0,36603.3863,129-04402,MA-2,Eastbound,"ARLINGTON, BELMONT",Dow Ave/Exit 57,Park Ave/Exit 58/Exit 59,0.876578520872,4.0,55,65.01067040310001,34.0,0.0138345065057,1.01521795716,1.08196721311,1.1820121891500002,0.051735287777500014,64.6087805999,21.0,0.0195754338251,1.02153297721,1.1,1.17470510182,0.0275830364326,42.4170287,-71.19071269999998,42.4173695,-71.18041559999999,Dow Ave,Park Ave
583,586,585.0,13.0,39281.6623,129-04400,MA-2,Eastbound,ARLINGTON,MA-60/Pleasant St/Exit 59,Lake St/Exit 60,0.224814835106,4.0,55,47.3869867187,15.333660451400002,0.298428466028,1.30837608156,8.85714285714,0.8615815767030001,59.597904228100006,60.1917430041,18.1235294118,0.0290725278533,1.0300416121200002,1.3191489361700002,1.09439532735,5.11983937759,42.4139973,-71.15405419999998,42.4033011,-71.15232270000001,MA-60/Pleasant St,Lake St
585,588,587.0,13.0,39770.7621,129-04879,MA-2,Eastbound,"ARLINGTON, BELMONT, CAMBRIDGE",Lake St/Exit 60,US-3/MA-16,0.789162532607,2.0,45,18.460043196500003,13.6442846698,2.17883467883,3.03357903358,9.33333333333,0.410223182145,202.554767047,29.8680185794,20.6640709496,0.937409070097,1.87491513209,6.22222222222,0.6637337462080001,125.696159511,42.402767299999994,-71.158327,42.4042878,-71.13430249999998,Lake St,US-3/MA-16
586,589,588.0,14.0,0.0,129+04400,MA-2,Westbound,"ARLINGTON, CAMBRIDGE",US-3/MA-16,Lake St/Exit 60,0.620672445651,2.0,30,38.6063342661,28.653144771100006,0.5021,1.477,2.376,1.28687780887,82.0249300432,41.3069167943,30.0951061865,0.4004,1.3805,1.966,1.37689722648,33.1699846861,42.4042878,-71.13430249999998,42.4033011,-71.15232270000001,US-3/MA-16,Lake St
588,591,590.0,14.0,1668.057,129+04401,MA-2,Westbound,ARLINGTON,Lake St/Exit 60,MA-60/Pleasant St/Exit 59,0.0322269512028,4.0,55,61.123042505600004,0.0,0.0585496049957,1.06342873875,1.16071428571,1.11132804556,0.0,62.77457710220001,0.0,0.0327240200706,1.03545102174,1.14035087719,1.14135594731,0.0,42.4033011,-71.15232270000001,42.4139973,-71.15405419999998,Lake St,MA-60/Pleasant St
590,593,592.0,14.0,2093.8156,129+04402,MA-2,Westbound,ARLINGTON,MA-60/Pleasant St/Exit 59,Park Ave/Exit 58/Exit 59,0.0220245930297,4.0,55,62.62065318,33.0,0.0490594287469,1.05396537162,1.15789473684,1.13855733054,0.06346687822290001,64.44006350890001,0.0,0.0220068697272,1.0242075567,1.1186440678,1.17163751834,0.0,42.4139973,-71.15405419999998,42.418561100000005,-71.1813983,MA-60/Pleasant St,Park Ave
592,595,594.0,14.0,2935.8087,129+04403,MA-2,Westbound,ARLINGTON,Park Ave/Exit 58/Exit 59,Dow Ave/Exit 57,0.779249410483,4.0,55,60.9458098549,32.0769230769,0.0614042109471,1.06652122853,1.1818181818200002,1.10810563373,0.374055868601,64.1215196139,34.0,0.0126463779502,1.01370024278,1.10169491525,1.16584581116,0.0296992946418,42.418561100000005,-71.1813983,42.4170287,-71.19071269999998,Park Ave,Dow Ave
594,597,596.0,14.0,4859.7473,129+04404,MA-2,Westbound,ARLINGTON,Dow Ave/Exit 57,MA-225/MA-4/Exit 56,0.153863690015,4.0,55,65.0491465231,15.518518518499999,0.0400265704242,1.04536344648,1.13333333333,1.18271175497,0.742353075954,67.1902649258,0.0,0.010633566113200002,1.0120513749299995,1.09677419355,1.22164118047,0.0,42.4170287,-71.19071269999998,42.4281204,-71.20689909999999,Dow Ave,MA-225/MA-4
596,599,598.0,14.0,5778.1558,129+04405,MA-2,Westbound,LEXINGTON,MA-225/MA-4/Exit 56,Pleasant St/Exit 55,0.479729062201,3.0,55,64.2089399454,13.315789473699999,0.0253584067056,1.02789424738,1.1,1.1674352717299998,1.0373066424,66.33947462260001,0.0,0.0,1.0,1.08196721311,1.20617226587,0.0,42.46141679999999,-71.23932649999998,42.420711600000004,-71.2112255,MA-225/MA-4,Pleasant St
598,601,600.0,14.0,6943.6239,129+04406,MA-2,Westbound,LEXINGTON,Pleasant St/Exit 55,Waltham St/Exit 54,0.451139061947,3.0,55,63.1477373558,18.5510204082,0.0546304204554,1.06100396951,1.13559322034,1.1481406792,1.30434782609,65.0389395195,0.0,0.027001878838,1.03015209804,1.11666666667,1.18252617308,0.0,42.420711600000004,-71.2112255,42.430100200000005,-71.23199989999998,Pleasant St,Waltham St
600,603,602.0,14.0,8042.8655,129+04407,MA-2,Westbound,LEXINGTON,Waltham St/Exit 54,Spring St/Exit 53,0.892904777946,3.0,55,62.206960556800006,22.8313953488,0.0689999011329,1.0770498896,1.63414634146,1.13103564649,9.577726218099999,66.8578599133,0.0,0.00190388430088,1.00212600414,1.08064516129,1.21559745297,0.0,42.430100200000005,-71.23199989999998,42.4264314,-71.2488626,Waltham St,Spring St
680,683,682.0,19.0,0.0,129+04410,US-1,Northbound,BOSTON,I-93,Mystic River/Tobin Brg (South),0.943839250481,3.0,25,48.539472231400005,22.5901639344,0.12499627205,1.11249664484,1.22727272727,1.94157888926,1.61642928122,29.2186243859,13.895593661800001,0.942373652839,1.84813628756,5.4,1.16874497544,123.456900402,42.362452600000005,-71.0561412,42.3849882,-71.0472857,I-93,Mystic River/Tobin Brg (South)
682,685,684.0,19.0,1618.7545,129+04411,US-1,Northbound,BOSTON,Mystic River/Tobin Brg (South),Mystic Riv/Tobin Brg Toll Plaza,0.100618349932,3.0,25,49.86040581,26.0,0.168876881666,1.16324765228,1.3181818181799998,1.9944162324,0.904756624903,44.616353725,30.166900420799998,0.310315616652,1.29997176276,1.8125,1.784654149,20.729254997,42.3849882,-71.0472857,42.3849882,-71.0472857,Mystic River/Tobin Brg (South),Mystic Riv/Tobin Brg Toll Plaza
683,686,685.0,19.0,1774.5515,129+04412,US-1,Northbound,BOSTON,Mystic Riv/Tobin Brg Toll Plaza,Mystic River/Tobin Brg (North),0.160538543878,3.0,25,50.799120395799996,24.1666666667,0.109694241968,1.1023812925,1.21739130435,2.03196481583,0.6333150082460001,47.3271050142,29.9885714286,0.19634388120700005,1.18325428913,1.4358974359,1.89308420057,4.96688741722,42.3849882,-71.0472857,42.3849882,-71.0472857,Mystic Riv/Tobin Brg Toll Plaza,Mystic River/Tobin Brg (North)
685,688,687.0,19.0,2391.6865,129+04413,US-1,Northbound,"CHELSEA,",Mystic River/Tobin Brg (North),Chestnut St,0.0342341698376,3.0,25,51.694569120299995,29.3636363636,0.160663509166,1.1606635091700002,1.27659574468,2.06778276481,0.296229802513,50.3361055008,29.088607594899997,0.191987330031,1.19198733003,1.33333333333,2.01344422003,2.25258405608,42.3849882,-71.0472857,42.3914074,-71.03849009999998,Mystic River/Tobin Brg (North),Chestnut St
687,690,689.0,19.0,2837.4479,129+04414,US-1,Northbound,CHELSEA,Chestnut St,4th St,0.344544933231,3.0,25,56.4244857551,25.6,0.0464189791651,1.04564532951,1.1568627451,2.25697943021,0.131998680013,55.9233310549,23.46875,0.0559483102552,1.05501583842,1.1568627451,2.2369332422,0.8749145591249999,42.3914074,-71.03849009999998,42.3947285,-71.0394647,Chestnut St,4th St
688,691,690.0,19.0,3383.5644,129+04415,US-1,Northbound,CHELSEA,4th St,5th St/6th St,0.188970713594,3.0,35,52.539340101499995,27.444444444400002,0.0510923100233,1.04683461752,1.12244897959,1.5011240029,0.249192431934,51.865857926000004,18.9545454545,0.0659212865147,1.06042784597,1.14583333333,1.48188165503,1.8476612621,42.3947285,-71.0394647,42.3941198,-71.03563129999998,4th St,5th St/6th St
690,693,692.0,19.0,3816.9866,129+04416,US-1,Northbound,CHELSEA,5th St/6th St,Carter St,0.304453267771,3.0,35,52.8767825312,32.6666666667,0.0438044284811,1.0401540594399998,1.12244897959,1.5107652151800002,0.160427807487,52.8332579697,17.9219858156,0.0447392167233,1.04101094866,1.14583333333,1.50952165628,3.82545783405,42.3941198,-71.03563129999998,42.39903839999999,-71.04068769999998,5th St/6th St,Carter St
692,695,694.0,19.0,4417.0655,129+04417,US-1,Northbound,CHELSEA,Carter St,Webster Ave,0.429335893044,3.0,50,54.7806116691,32.5,0.0426464431823,1.0405141210200002,1.11764705882,1.09561223338,0.054169958244000005,54.100076729099996,18.3039647577,0.056424149390900014,1.05360294192,1.1875,1.0820015345799998,5.971719829,42.39903839999999,-71.04068769999998,42.40129900000001,-71.0249541,Carter St,Webster Ave
694,697,696.0,19.0,5353.6931,129+04418,US-1,Northbound,CHELSEA,Webster Ave,MA-16,0.0935872812703,3.0,50,54.907856896400006,0.0,0.05825703111940001,1.0563151300799998,1.13725490196,1.09815713793,0.0,53.8601002397,19.562724014300002,0.0795144254352,1.07686394459,1.2608695652200002,1.07720200479,7.295707125739999,42.40129900000001,-71.0249541,42.401838500000004,-71.040617,Webster Ave,MA-16
696,699,698.0,19.0,5717.4509,129+04419,US-1,Northbound,REVERE,MA-16,Sargent St,1.1595725047399998,3.0,50,57.261584775799996,0.0,0.06421634579419999,1.06528661822,1.12962962963,1.14523169552,0.0,48.80524906270001,17.6962025316,0.245769404273,1.24986556101,4.69230769231,0.976104981253,44.683449384,42.4035662,-71.01374659999998,42.4205046,-71.0246246,MA-16,Sargent St
698,701,700.0,19.0,7623.1274,129+04420,US-1,Northbound,REVERE,Sargent St,MA-60/Squire Rd,0.495313695951,3.0,55,61.8136110808,0.0,0.0331600043404,1.0353706713,1.1034482758600002,1.12388383783,0.0,39.6463357528,16.888414308599998,0.575880716296,1.61427276405,8.0,0.720842468232,105.249356123,42.4205046,-71.0246246,42.427060600000004,-71.01389759999998,Sargent St,MA-60/Squire Rd
700,703,702.0,19.0,9208.9732,129+04421,US-1,Northbound,REVERE,MA-60/Squire Rd,Lynn St,0.238100407977,2.0,50,47.2612433862,25.8857142857,0.198110604882,1.18490323122,1.3023255814,0.945224867725,0.925925925926,26.202441028000003,21.824974560300003,1.21843442018,2.13720545884,3.73333333333,0.524048820561,193.751907053,42.427060600000004,-71.01389759999998,42.43530980000001,-71.0218229,MA-60/Squire Rd,Lynn St
704,707,706.0,19.0,12059.1203,129+04771,US-1,Northbound,SAUGUS,MA-99,Essex St,0.141751675078,3.0,50,53.22520079270001,29.2777777778,0.0558569832778,1.05213318439,1.12,1.06450401585,0.450610201314,46.527434396000004,23.7422680412,0.218133184531,1.20359097223,2.33333333333,0.93054868792,27.768379960999997,42.451080299999994,-71.0247723,42.4572841,-71.0242069,MA-99,Essex St
706,709,708.0,19.0,12532.3537,129+04772,US-1,Northbound,SAUGUS,Essex St,Main St (Saugus),0.3800681477440001,3.0,50,52.842960478,17.2142857143,0.0640112195524,1.05974380492,1.14285714286,1.05685920956,1.05671454031,44.1874729554,23.6578657866,0.286422330353,1.26732750833,2.8,0.8837494591089999,47.20034617050001,42.4572841,-71.0242069,42.471467100000005,-71.03360909999998,Essex St,Main St (Saugus)
708,711,710.0,19.0,13352.0773,129+04773,US-1,Northbound,SAUGUS,Main St (Saugus),Lynn Fells Pkwy,1.06879269675,3.0,50,53.2613966017,24.139534883699998,0.0550908934786,1.05141816725,1.12,1.06522793203,1.06920845421,37.3209851415,22.8783068783,0.5362460323520001,1.50049629686,3.29411764706,0.746419702829,101.559128842,42.471467100000005,-71.03360909999998,42.4750441,-71.0330249,Main St (Saugus),Lynn Fells Pkwy
710,713,712.0,19.0,15294.3245,129+04774,US-1,Northbound,SAUGUS,Lynn Fells Pkwy,MA-129/Walnut St,0.369237364909,3.0,50,53.2847092448,32.6,0.109077447778,1.1072594903200002,1.20408163265,1.0656941849,0.131911619215,33.9668690743,24.496995869299997,0.7494780053110001,1.73698670522,3.1052631578900005,0.679337381485,136.171300735,42.4750441,-71.0330249,42.4925509,-71.0196773,Lynn Fells Pkwy,MA-129/Walnut St
738,741,740.0,20.0,7415.9542,129-04773,US-1,Southbound,SAUGUS,MA-129/Walnut St,Lynn Fells Pkwy,0.416427466138,3.0,50,41.228601144,23.347892956,0.364391315485,1.33402537253,3.05555555556,0.8245720228810001,81.1482059282,51.275455883999996,29.3928571429,0.079241402452,1.07263795225,1.19565217391,1.02550911768,0.761128100578,42.4925509,-71.0196773,42.4750441,-71.0330249,MA-129/Walnut St,Lynn Fells Pkwy
740,743,742.0,20.0,8182.3521,129-04772,US-1,Southbound,SAUGUS,Lynn Fells Pkwy,Main St (Saugus),1.1360312201,3.0,50,36.1721806822,18.4810996564,0.5873047111240001,1.54815106372,4.30769230769,0.723443613643,114.45662194,52.8583793141,24.5714285714,0.0636800107603,1.05943467671,1.14285714286,1.0571675862799998,0.181759169101,42.4750441,-71.0330249,42.471467100000005,-71.03360909999998,Lynn Fells Pkwy,Main St (Saugus)
742,745,744.0,20.0,10233.771,129-04771,US-1,Southbound,SAUGUS,Main St (Saugus),Essex St,0.359555180646,3.0,50,32.5944415852,18.4703599153,0.788173082277,1.74876442816,4.384615384619998,0.651888831704,140.022645394,53.1746300689,29.4285714286,0.07572605931460001,1.0719397563500002,1.16326530612,1.06349260138,0.569298542867,42.471467100000005,-71.03360909999998,42.4572841,-71.0242069,Main St (Saugus),Essex St
744,747,746.0,20.0,11087.2594,129-04770,US-1,Southbound,SAUGUS,Essex St,MA-99,0.151932126764,3.0,50,32.6941540431,21.2997442455,0.7637619008769999,1.71284444082,3.29411764706,0.653883080862,150.160017068,52.068384763199994,30.555555555599998,0.0809021619498,1.07550868449,1.21739130435,1.0413676952600002,0.7324516785349999,42.4572841,-71.0242069,42.451080299999994,-71.0247723,Essex St,MA-99
746,749,748.0,20.0,11923.9613,129-04421,US-1,Southbound,"MALDEN, REVERE, SAUGUS",MA-99,Lynn St,0.996139002447,2.0,50,49.722108704499995,29.6666666667,0.115797574662,1.10614777677,1.25,0.994442174091,1.8389865141,52.474827883,27.8571428571,0.0524962792586,1.0481215893200002,1.12244897959,1.04949655766,0.542168674699,42.42032329999999,-71.04387899999998,42.428962799999994,-71.0320708,MA-99,Lynn St
748,751,750.0,20.0,13834.9148,129-04420,US-1,Southbound,REVERE,Lynn St,MA-60/Squire Rd,0.192141132321,2.0,50,48.60656602979999,31.5333333333,0.0805549754838,1.06981431209,1.1818181818200002,0.972131320595,0.380027446427,45.011171797399996,26.359637774899998,0.17915624542599998,1.15526874604,1.85714285714,0.9002234359479999,23.028798411100002,42.43530980000001,-71.0218229,42.427060600000004,-71.01389759999998,Lynn St,MA-60/Squire Rd
750,753,752.0,20.0,14988.6476,129-04419,US-1,Southbound,REVERE,MA-60/Squire Rd,Sargent St,0.471897183191,3.0,55,61.208346675200005,22.098039215700002,0.0427584657021,1.0456090300799998,1.12280701754,1.11287903046,2.61287223823,62.0494255625,0.0,0.0294710792019,1.03143581782,1.1034482758600002,1.12817137386,0.0,42.427060600000004,-71.01389759999998,42.4205046,-71.0246246,MA-60/Squire Rd,Sargent St
752,755,754.0,20.0,16135.853,129-04418,US-1,Southbound,REVERE,Sargent St,MA-16,0.739938500058,3.0,55,56.410769571,20.4610778443,0.0958847524041,1.09908091082,2.69565217391,1.02565035584,17.7266696152,60.2464454976,0.0,0.0281674414828,1.0291063562,1.10714285714,1.09538991814,0.0,42.4205046,-71.0246246,42.4035662,-71.01374659999998,Sargent St,MA-16
754,757,756.0,20.0,17644.5815,129-04417,US-1,Southbound,"CHELSEA, REVERE",MA-16,Webster Ave,0.218214420409,3.0,55,47.961519961499995,13.0056639396,0.234053735776,1.23015284018,7.375,0.8720276356640001,45.858585858599994,56.372321428599996,23.3636363636,0.047402970618400014,1.04661292111,1.1346153846200002,1.0249512987,0.336734693878,42.401838500000004,-71.040617,42.40129900000001,-71.0249541,MA-16,Webster Ave
756,759,758.0,20.0,18548.8153,129-04416,US-1,Southbound,CHELSEA,Webster Ave,Carter St,0.0840762856088,3.0,50,43.917145410399996,12.648385443399999,0.313577436672,1.29789856484,8.14285714286,0.878342908209,59.7778628878,55.6244609957,31.0,0.0260305586444,1.02472903071,1.09615384615,1.11248921991,0.15680125441,42.40129900000001,-71.0249541,42.39903839999999,-71.04068769999998,Webster Ave,Carter St
758,761,760.0,20.0,19189.9444,129-04415,US-1,Southbound,CHELSEA,Carter St,5th St/6th St,0.234914967016,3.0,50,31.150743605,9.36933461909,0.854689172688,1.79770989451,11.2,0.6230148721000001,118.44378346200001,54.648094612399994,31.0,0.0265054082575,1.02473838104,1.12,1.09296189225,0.0315374507227,42.39903839999999,-71.04068769999998,42.3941198,-71.03563129999998,Carter St,5th St/6th St
760,763,762.0,20.0,19730.0059,129-04414,US-1,Southbound,CHELSEA,5th St/6th St,4th St,0.225403430331,3.0,50,26.3928734582,10.402884435299999,1.18243185831,2.08389587011,9.16666666667,0.527857469164,146.340794884,52.77898550720001,33.0,0.0459070002559,1.0420814169,1.12244897959,1.05557971014,0.0334448160535,42.3941198,-71.03563129999998,42.3947285,-71.0394647,5th St/6th St,4th St
761,764,763.0,20.0,20073.9871,129-04413,US-1,Southbound,CHELSEA,4th St,Chestnut St,0.272388327583,3.0,45,23.566613345500002,11.0398399733,1.45506555213,2.33381008945,11.0,0.523702518789,164.506398537,52.3468950749,27.294117647100002,0.0552906963772,1.05068313835,1.17021276596,1.163264335,0.546038543897,42.3947285,-71.0394647,42.3914074,-71.03849009999998,4th St,Chestnut St
763,766,765.0,20.0,20895.2102,129-04412,US-1,Southbound,CHELSEA,Chestnut St,Mystic River/Tobin Brg (North),0.047830610528800006,3.0,15,24.4657181268,16.9608735214,1.36150206208,2.2480435569,6.11111111111,1.63104787512,177.29778176099998,49.2144329897,31.48,0.12824546102,1.11755833927,1.25,3.28096219931,0.7731958762890001,42.3914074,-71.03849009999998,42.3849882,-71.0472857,Chestnut St,Mystic River/Tobin Brg (North)
765,768,767.0,20.0,21333.3139,129-04411,US-1,Southbound,BOSTON,Mystic River/Tobin Brg (North),Mystic Riv/Tobin Brg Toll Plaza,0.149900219935,3.0,15,21.9519262073,21.3759390066,1.5793991856999998,2.3688126276,6.5,1.46346174715,232.29083016799999,33.998972118699996,30.589212678899997,0.6109130803589999,1.5294580029799998,1.92592592593,2.26659814125,120.63214698700001,42.3849882,-71.0472857,42.3849882,-71.0472857,Mystic River/Tobin Brg (North),Mystic Riv/Tobin Brg Toll Plaza
766,769,768.0,20.0,21570.9502,129-04410,US-1,Southbound,BOSTON,Mystic Riv/Tobin Brg Toll Plaza,Mystic River/Tobin Brg (South),0.107978729265,3.0,15,22.1814680077,21.6924854219,1.6523291558000002,2.56971269801,8.14285714286,1.47876453385,233.40038519200002,30.8719055478,29.5608272506,0.890883048198,1.84633889579,2.59090909091,2.05812703652,200.36054335400001,42.3849882,-71.0472857,42.3849882,-71.0472857,Mystic Riv/Tobin Brg Toll Plaza,Mystic River/Tobin Brg (South)
768,771,770.0,20.0,21827.457,129-04409,US-1,Southbound,BOSTON,Mystic River/Tobin Brg (South),I-93,0.937440776189,3.0,45,34.707337884,18.0370462456,0.552270469365,1.46942989896,4.63636363636,0.771274175199,102.95221843,46.6724966129,29.982658959499997,0.109083096575,1.0927206320899998,1.275,1.0371665914,5.1139302869800005,42.3849882,-71.0472857,42.362452600000005,-71.0561412,Mystic River/Tobin Brg (South),I-93
