,State Code,County Code,Site Num,Parameter Code,POC,Latitude,Longitude,Datum,Parameter Name,Sample Duration,Pollutant Standard,Metric Used,Method Name,Year,Units of Measure,Event Type,Observation Count,Observation Percent,Completeness Indicator,Valid Day Count,Required Day Count,Exceptional Data Count,Null Data Count,Primary Exceedance Count,Secondary Exceedance Count,Certification Indicator,Num Obs Below MDL,Arithmetic Mean,Arithmetic Standard Dev,1st Max Value,1st Max DateTime,2nd Max Value,2nd Max DateTime,3rd Max Value,3rd Max DateTime,4th Max Value,4th Max DateTime,1st Max Non Overlapping Value,1st NO Max DateTime,2nd Max Non Overlapping Value,2nd NO Max DateTime,99th Percentile,98th Percentile,95th Percentile,90th Percentile,75th Percentile,50th Percentile,10th Percentile,Local Site Name,Address,State Name,County Name,City Name,CBSA Name,Date of Last Change,Site_keys,LU
0,33,1,2,11101,1,43.528133000000004,-71.468129,WGS84,Suspended particulate (TSP),24 HOUR,,Observed Values,HI-VOL - GRAVIMETRIC,1980,Micrograms/cubic meter (25 C),No Events,59,97,Y,59,61,0,0,,,Certification not required,0,57.79661,27.314124,163.0,1980-03-04 00:00,121.0,1980-01-10 00:00,119.0,1980-11-23 00:00,109.0,1980-12-29 00:00,,,,,163.0,121.0,119.0,106.0,64.0,52.0,29.0,,BEACON STREET,New Hampshire,Belknap,Laconia,"Laconia, NH",2010-04-25,[ 43.528133 -71.468129],"{'Commercial and Services': 0.2885572139303483, 'Mixed forest land': 0.4975124378109453, 'Evergreen forest land': 0.21393034825870647}"
0,33,5,1,11101,1,42.917582,-71.999525,WGS84,Suspended particulate (TSP),24 HOUR,,Observed Values,HI-VOL - GRAVIMETRIC,1980,Micrograms/cubic meter (25 C),No Events,34,56,N,34,61,0,0,,,Certification not required,0,58.882353,29.433813,162.0,1980-11-23 00:00,131.0,1980-12-29 00:00,109.0,1980-12-11 00:00,94.0,1980-07-20 00:00,,,,,162.0,162.0,131.0,94.0,69.0,51.0,33.0,,"CITY HALL, 3 WASHINGTON STREET",New Hampshire,Cheshire,Keene,"Keene, NH",2010-04-25,[ 42.917582 -71.999525],"{'Nonforested wetland': 0.046511627906976744, 'Mixed forest land': 0.9534883720930233}"
1,33,5,1,12403,1,42.917582,-71.999525,WGS84,Sulfate (TSP) STP,24 HOUR,,Observed Values,HI-VOL - TURBIDIMETRIC,1980,Micrograms/cubic meter (25 C),No Events,33,54,N,33,61,0,0,,,Certification not required,0,5.660606,5.69539,32.8,1980-07-20 00:00,14.3,1980-12-29 00:00,10.9,1980-08-01 00:00,10.2,1980-08-31 00:00,,,,,32.8,32.8,14.3,10.2,5.9,3.9,2.2,,"CITY HALL, 3 WASHINGTON STREET",New Hampshire,Cheshire,Keene,"Keene, NH",2010-04-25,[ 42.917582 -71.999525],"{'Nonforested wetland': 0.046511627906976744, 'Mixed forest land': 0.9534883720930233}"
2,33,5,1,42101,1,42.917582,-71.999525,WGS84,Carbon monoxide,1 HOUR,CO 1-hour 1971,Obseved hourly values,INSTRUMENTAL - NONDISPERSIVE INFRARED,1980,Parts per million,No Events,8517,97,Y,352,366,0,0,0.0,0.0,Certification not required,0,1.9970290000000002,1.877564,16.8,1980-11-24 09:00,16.1,1980-07-30 07:00,15.4,1980-11-24 08:00,14.8,1980-12-18 17:00,,,,,8.8,7.4,5.8,4.4,2.7,1.4,0.4,,"CITY HALL, 3 WASHINGTON STREET",New Hampshire,Cheshire,Keene,"Keene, NH",2016-04-19,[ 42.917582 -71.999525],"{'Nonforested wetland': 0.046511627906976744, 'Mixed forest land': 0.9534883720930233}"
3,33,5,1,42101,1,42.917582,-71.999525,WGS84,Carbon monoxide,8-HR RUN AVG END HOUR,CO 8-hour 1971,8-Hour running average (end hour) of observed hourly values,,1980,Parts per million,No Events,8511,97,Y,351,366,0,0,8.0,8.0,Certification not required,0,2.005287,1.505459,11.8,1980-11-24 14:00,11.6,1980-11-24 13:00,11.5,1980-11-24 15:00,10.9,1980-11-24 12:00,11.8,1980-11-24 14:00,9.8,1980-01-11 16:00,7.2,6.3,5.1,4.1,2.7,1.5,0.6,,"CITY HALL, 3 WASHINGTON STREET",New Hampshire,Cheshire,Keene,"Keene, NH",2016-04-19,[ 42.917582 -71.999525],"{'Nonforested wetland': 0.046511627906976744, 'Mixed forest land': 0.9534883720930233}"
4,33,5,1,42401,1,42.917582,-71.999525,WGS84,Sulfur dioxide,1 HOUR,SO2 1-hour 2010,Daily maximum 1-hour average,INSTRUMENTAL - ULTRA VIOLET STIMULATED FLUORESCNC,1980,Parts per billion,No Events,5317,61,N,215,366,0,0,6.0,,Certification not required,0,27.827907,19.457674,92.0,1980-12-21 11:00,91.0,1980-02-12 09:00,91.0,1980-02-19 09:00,89.0,1980-12-24 11:00,,,,,91.0,80.0,70.0,56.0,39.0,22.0,9.0,,"CITY HALL, 3 WASHINGTON STREET",New Hampshire,Cheshire,Keene,"Keene, NH",2013-02-16,[ 42.917582 -71.999525],"{'Nonforested wetland': 0.046511627906976744, 'Mixed forest land': 0.9534883720930233}"
5,33,5,1,42401,1,42.917582,-71.999525,WGS84,Sulfur dioxide,1 HOUR,SO2 Annual 1971,Observed Values,INSTRUMENTAL - ULTRA VIOLET STIMULATED FLUORESCNC,1980,Parts per billion,No Events,5317,61,N,215,366,0,0,,,Certification not required,0,13.232462,11.473517,92.0,1980-12-21 11:00,91.0,1980-02-12 09:00,91.0,1980-02-19 09:00,89.0,1980-12-24 11:00,,,,,53.0,46.0,35.0,28.0,17.0,10.0,0.0,,"CITY HALL, 3 WASHINGTON STREET",New Hampshire,Cheshire,Keene,"Keene, NH",2013-02-16,[ 42.917582 -71.999525],"{'Nonforested wetland': 0.046511627906976744, 'Mixed forest land': 0.9534883720930233}"
6,33,5,1,42401,1,42.917582,-71.999525,WGS84,Sulfur dioxide,24-HR BLK AVG,SO2 24-hour 1971,Daily Average of observed values,,1980,Parts per billion,No Events,215,59,N,215,366,0,0,0.0,,Certification not required,0,13.281395000000002,9.088096,45.5,1980-12-24 00:00,44.5,1980-02-19 00:00,38.6,1980-12-18 00:00,38.5,1980-12-23 00:00,,,,,38.6,37.8,31.0,26.5,17.9,11.8,4.0,,"CITY HALL, 3 WASHINGTON STREET",New Hampshire,Cheshire,Keene,"Keene, NH",2013-02-16,[ 42.917582 -71.999525],"{'Nonforested wetland': 0.046511627906976744, 'Mixed forest land': 0.9534883720930233}"
7,33,5,1,42401,1,42.917582,-71.999525,WGS84,Sulfur dioxide,3-HR BLK AVG,SO2 3-hour 1971,3-Hour block average of observed hourly values,,1980,Parts per billion,No Events,1760,60,N,215,366,0,0,,0.0,Certification not required,0,13.186364000000001,10.864166,82.3,1980-12-21 11:00,80.3,1980-12-24 11:00,67.6,1980-02-19 11:00,66.0,1980-12-23 11:00,,,,,49.3,42.6,35.0,28.0,18.0,10.3,2.3,,"CITY HALL, 3 WASHINGTON STREET",New Hampshire,Cheshire,Keene,"Keene, NH",2013-02-16,[ 42.917582 -71.999525],"{'Nonforested wetland': 0.046511627906976744, 'Mixed forest land': 0.9534883720930233}"
0,33,5,5,11101,1,42.935914000000004,-72.277586,WGS84,Suspended particulate (TSP),24 HOUR,,Observed Values,HI-VOL - GRAVIMETRIC,1980,Micrograms/cubic meter (25 C),No Events,20,33,N,20,61,0,0,,,Certification not required,0,74.75,26.590214000000003,136.0,1980-01-10 00:00,112.0,1980-02-21 00:00,111.0,1980-03-04 00:00,99.0,1980-03-10 00:00,,,,,136.0,136.0,136.0,112.0,94.0,71.0,44.0,, 40 MECHANIC ST.,New Hampshire,Cheshire,Keene,"Keene, NH",2010-04-25,[ 42.935914 -72.277586],"{'Commercial and Services': 0.3, 'Residential': 0.7}"
1,33,5,5,12403,2,42.935914000000004,-72.277586,WGS84,Sulfate (TSP) STP,24 HOUR,,Observed Values,HI-VOL - TURBIDIMETRIC,1980,Micrograms/cubic meter (25 C),No Events,20,33,N,20,61,0,0,,,Certification not required,0,6.925,5.156894,18.5,1980-03-10 00:00,14.8,1980-04-27 00:00,12.7,1980-03-22 00:00,10.6,1980-04-15 00:00,,,,,18.5,18.5,18.5,14.8,10.3,7.3,0.8,, 40 MECHANIC ST.,New Hampshire,Cheshire,Keene,"Keene, NH",2010-04-25,[ 42.935914 -72.277586],"{'Commercial and Services': 0.3, 'Residential': 0.7}"
0,33,7,1,11101,1,44.470614000000005,-71.168132,WGS84,Suspended particulate (TSP),24 HOUR,,Observed Values,HI-VOL - GRAVIMETRIC,1980,Micrograms/cubic meter (25 C),No Events,51,84,Y,51,61,0,0,,,Certification not required,0,92.901961,36.578821999999995,187.0,1980-01-04 00:00,177.0,1980-12-23 00:00,174.0,1980-05-27 00:00,167.0,1980-02-15 00:00,,,,,187.0,177.0,174.0,149.0,108.0,85.0,55.0,,ANGEL GUARDIAN SHOOL 107 SULLIVAN ST,New Hampshire,Coos,Berlin,"Berlin, NH-VT",2010-04-25,[ 44.470614 -71.168132],"{'Residential': 0.56, 'Streams and canals': 0.03, 'Industrial': 0.24, 'Deciduous forest land': 0.17}"
1,33,7,1,11101,2,44.470614000000005,-71.168132,WGS84,Suspended particulate (TSP),24 HOUR,,Observed Values,HI-VOL - GRAVIMETRIC,1980,Micrograms/cubic meter (25 C),No Events,109,100,Y,60,61,0,0,,,Certification not required,0,81.46789,35.280245,186.0,1980-04-06 00:00,177.0,1980-12-23 00:00,160.0,1980-02-15 00:00,156.0,1980-02-06 00:00,,,,,177.0,160.0,154.0,129.0,98.0,77.0,38.0,,ANGEL GUARDIAN SHOOL 107 SULLIVAN ST,New Hampshire,Coos,Berlin,"Berlin, NH-VT",2010-04-25,[ 44.470614 -71.168132],"{'Residential': 0.56, 'Streams and canals': 0.03, 'Industrial': 0.24, 'Deciduous forest land': 0.17}"
2,33,7,1,12403,4,44.470614000000005,-71.168132,WGS84,Sulfate (TSP) STP,24 HOUR,,Observed Values,HI-VOL - TURBIDIMETRIC,1980,Micrograms/cubic meter (25 C),No Events,51,84,N,51,61,0,0,,,Certification not required,0,13.003922,6.641685000000001,36.4,1980-02-15 00:00,28.0,1980-11-11 00:00,25.7,1980-02-21 00:00,22.2,1980-05-27 00:00,,,,,36.4,28.0,25.7,20.5,16.5,12.5,5.7,,ANGEL GUARDIAN SHOOL 107 SULLIVAN ST,New Hampshire,Coos,Berlin,"Berlin, NH-VT",2010-04-25,[ 44.470614 -71.168132],"{'Residential': 0.56, 'Streams and canals': 0.03, 'Industrial': 0.24, 'Deciduous forest land': 0.17}"
3,33,7,8,11101,1,44.464781,-71.18424300000001,WGS84,Suspended particulate (TSP),24 HOUR,,Observed Values,HI-VOL - GRAVIMETRIC,1980,Micrograms/cubic meter (25 C),No Events,113,100,Y,59,61,0,0,,,Certification not required,0,68.619469,33.016586,170.0,1980-06-26 00:00,169.0,1980-01-04 00:00,139.0,1980-05-21 00:00,129.0,1980-07-17 00:00,,,,,169.0,139.0,122.0,114.0,86.0,66.0,30.0,,OFF HUTCHINS STREET,New Hampshire,Coos,Berlin,"Berlin, NH-VT",2010-04-25,[ 44.464781 -71.184243],"{'Commercial and Services': 0.21, 'Residential': 0.48, 'Streams and canals': 0.24, 'Deciduous forest land': 0.07}"
4,33,7,11,42401,1,44.478114,-71.174521,WGS84,Sulfur dioxide,1 HOUR,SO2 1-hour 2010,Daily maximum 1-hour average,INSTRUMENTAL - PULSED FLUORESCENT,1980,Parts per billion,No Events,1940,22,N,80,366,0,0,30.0,,Certification not required,0,78.975,72.973027,320.0,1980-03-11 04:00,304.0,1980-04-15 07:00,244.0,1980-04-25 18:00,241.0,1980-03-17 18:00,,,,,320.0,304.0,241.0,186.0,116.0,52.0,16.0,,116 POPLAR STREET,New Hampshire,Coos,Berlin,"Berlin, NH-VT",2013-02-16,[ 44.478114 -71.174521],"{'Residential': 0.59, 'Streams and canals': 0.07, 'Industrial': 0.34}"
5,33,7,11,42401,1,44.478114,-71.174521,WGS84,Sulfur dioxide,1 HOUR,SO2 Annual 1971,Observed Values,INSTRUMENTAL - PULSED FLUORESCENT,1980,Parts per billion,No Events,1940,22,N,80,366,0,0,,,Certification not required,0,25.45567,34.461504,320.0,1980-03-11 04:00,304.0,1980-04-15 07:00,253.0,1980-03-11 03:00,244.0,1980-04-25 18:00,,,,,175.0,139.0,100.0,64.0,28.0,14.0,2.0,,116 POPLAR STREET,New Hampshire,Coos,Berlin,"Berlin, NH-VT",2013-02-16,[ 44.478114 -71.174521],"{'Residential': 0.59, 'Streams and canals': 0.07, 'Industrial': 0.34}"
6,33,7,11,42401,1,44.478114,-71.174521,WGS84,Sulfur dioxide,24-HR BLK AVG,SO2 24-hour 1971,Daily Average of observed values,,1980,Parts per billion,No Events,80,22,N,80,366,0,0,0.0,,Certification not required,0,25.51875,21.169192000000002,96.8,1980-04-25 00:00,82.1,1980-04-28 00:00,80.0,1980-04-07 00:00,72.4,1980-03-08 00:00,,,,,96.8,82.1,72.4,61.0,35.0,18.0,7.4,,116 POPLAR STREET,New Hampshire,Coos,Berlin,"Berlin, NH-VT",2013-02-16,[ 44.478114 -71.174521],"{'Residential': 0.59, 'Streams and canals': 0.07, 'Industrial': 0.34}"
7,33,7,11,42401,1,44.478114,-71.174521,WGS84,Sulfur dioxide,3-HR BLK AVG,SO2 3-hour 1971,3-Hour block average of observed hourly values,,1980,Parts per billion,No Events,632,22,N,80,366,0,0,,0.0,Certification not required,0,25.257595000000002,30.513271000000003,252.3,1980-03-11 05:00,176.6,1980-03-17 20:00,172.0,1980-04-25 17:00,161.3,1980-03-20 14:00,,,,,152.0,129.6,84.0,64.0,29.0,15.0,2.0,,116 POPLAR STREET,New Hampshire,Coos,Berlin,"Berlin, NH-VT",2013-02-16,[ 44.478114 -71.174521],"{'Residential': 0.59, 'Streams and canals': 0.07, 'Industrial': 0.34}"
8,33,7,11,42401,3,44.478114,-71.174521,WGS84,Sulfur dioxide,1 HOUR,SO2 1-hour 2010,Daily maximum 1-hour average,INSTRUMENTAL - ULTRA VIOLET STIMULATED FLUORESCNC,1980,Parts per billion,No Events,882,10,N,36,366,0,0,6.0,,Certification not required,0,35.138889,42.236175,185.0,1980-12-29 13:00,144.0,1980-12-23 13:00,116.0,1980-07-28 18:00,97.0,1980-12-26 15:00,,,,,185.0,185.0,144.0,97.0,45.0,19.0,4.0,,116 POPLAR STREET,New Hampshire,Coos,Berlin,"Berlin, NH-VT",2013-02-16,[ 44.478114 -71.174521],"{'Residential': 0.59, 'Streams and canals': 0.07, 'Industrial': 0.34}"
9,33,7,11,42401,3,44.478114,-71.174521,WGS84,Sulfur dioxide,1 HOUR,SO2 Annual 1971,Observed Values,INSTRUMENTAL - ULTRA VIOLET STIMULATED FLUORESCNC,1980,Parts per billion,No Events,882,10,N,36,366,0,0,,,Certification not required,0,12.543084,19.004655,185.0,1980-12-29 13:00,144.0,1980-12-23 13:00,144.0,1980-12-29 10:00,133.0,1980-12-23 14:00,,,,,105.0,71.0,47.0,29.0,13.0,7.0,2.0,,116 POPLAR STREET,New Hampshire,Coos,Berlin,"Berlin, NH-VT",2013-02-16,[ 44.478114 -71.174521],"{'Residential': 0.59, 'Streams and canals': 0.07, 'Industrial': 0.34}"
10,33,7,11,42401,3,44.478114,-71.174521,WGS84,Sulfur dioxide,24-HR BLK AVG,SO2 24-hour 1971,Daily Average of observed values,,1980,Parts per billion,No Events,36,10,N,36,366,0,0,0.0,,Certification not required,0,12.519444,12.945772999999999,57.9,1980-12-29 00:00,46.0,1980-12-23 00:00,31.2,1980-07-29 00:00,28.9,1980-12-26 00:00,,,,,57.9,57.9,46.0,28.9,15.8,8.5,2.1,,116 POPLAR STREET,New Hampshire,Coos,Berlin,"Berlin, NH-VT",2013-02-16,[ 44.478114 -71.174521],"{'Residential': 0.59, 'Streams and canals': 0.07, 'Industrial': 0.34}"
11,33,7,11,42401,3,44.478114,-71.174521,WGS84,Sulfur dioxide,3-HR BLK AVG,SO2 3-hour 1971,3-Hour block average of observed hourly values,,1980,Parts per billion,No Events,288,10,N,36,366,0,0,,0.0,Certification not required,0,12.6,17.87666,123.0,1980-12-29 11:00,121.0,1980-12-29 14:00,112.3,1980-12-23 14:00,88.0,1980-12-23 11:00,,,,,112.3,69.3,51.6,29.0,14.3,7.0,2.0,,116 POPLAR STREET,New Hampshire,Coos,Berlin,"Berlin, NH-VT",2013-02-16,[ 44.478114 -71.174521],"{'Residential': 0.59, 'Streams and canals': 0.07, 'Industrial': 0.34}"
12,33,7,14,11101,1,44.471169,-71.166188,WGS84,Suspended particulate (TSP),24 HOUR,,Observed Values,HI-VOL - GRAVIMETRIC,1980,Micrograms/cubic meter (25 C),No Events,46,75,Y,42,61,0,0,,,Certification not required,0,136.978261,72.453967,376.0,1980-05-27 00:00,322.0,1980-05-21 00:00,298.0,1980-06-26 00:00,270.0,1980-07-14 00:00,,,,,376.0,376.0,298.0,232.0,161.0,124.0,53.0,,LANCASTER STREET TRAILER,New Hampshire,Coos,Berlin,"Berlin, NH-VT",2010-04-25,[ 44.471169 -71.166188],"{'Residential': 0.81, 'Industrial': 0.16, 'Deciduous forest land': 0.03}"
13,33,7,14,42401,1,44.471169,-71.166188,WGS84,Sulfur dioxide,1 HOUR,SO2 1-hour 2010,Daily maximum 1-hour average,Multiple Methods Used,1980,Parts per billion,No Events,7926,90,N,326,366,0,0,188.0,,Certification not required,0,115.076687,97.410678,431.0,1980-03-16 08:00,417.0,1980-02-14 21:00,417.0,1980-03-14 18:00,407.0,1980-02-21 10:00,,,,,407.0,389.0,330.0,258.0,160.0,85.0,23.0,,LANCASTER STREET TRAILER,New Hampshire,Coos,Berlin,"Berlin, NH-VT",2013-02-16,[ 44.471169 -71.166188],"{'Residential': 0.81, 'Industrial': 0.16, 'Deciduous forest land': 0.03}"
14,33,7,14,42401,1,44.471169,-71.166188,WGS84,Sulfur dioxide,1 HOUR,SO2 Annual 1971,Observed Values,Multiple Methods Used,1980,Parts per billion,No Events,7926,90,Y,326,366,0,0,,,Certification not required,0,34.381151,56.774975,431.0,1980-03-16 08:00,417.0,1980-02-14 21:00,417.0,1980-03-14 18:00,407.0,1980-02-21 10:00,,,,,292.0,244.0,158.0,94.0,33.0,14.0,2.0,,LANCASTER STREET TRAILER,New Hampshire,Coos,Berlin,"Berlin, NH-VT",2013-02-16,[ 44.471169 -71.166188],"{'Residential': 0.81, 'Industrial': 0.16, 'Deciduous forest land': 0.03}"
15,33,7,14,42401,1,44.471169,-71.166188,WGS84,Sulfur dioxide,24-HR BLK AVG,SO2 24-hour 1971,Daily Average of observed values,Multiple Methods Used,1980,Parts per billion,No Events,326,89,Y,326,366,0,0,10.0,,Certification not required,0,33.869632,37.209682,256.4,1980-03-15 00:00,254.4,1980-01-20 00:00,157.0,1980-03-16 00:00,153.5,1980-01-21 00:00,,,,,153.5,146.8,111.8,73.9,44.0,20.7,5.7,,LANCASTER STREET TRAILER,New Hampshire,Coos,Berlin,"Berlin, NH-VT",2013-02-16,[ 44.471169 -71.166188],"{'Residential': 0.81, 'Industrial': 0.16, 'Deciduous forest land': 0.03}"
16,33,7,14,42401,1,44.471169,-71.166188,WGS84,Sulfur dioxide,3-HR BLK AVG,SO2 3-hour 1971,3-Hour block average of observed hourly values,Multiple Methods Used,1980,Parts per billion,No Events,2539,87,Y,322,366,0,0,,0.0,Certification not required,0,34.325286,51.86187,386.3,1980-03-16 08:00,378.3,1980-02-14 23:00,378.3,1980-03-15 02:00,356.0,1980-03-16 11:00,,,,,268.3,212.0,145.6,91.6,36.6,15.0,3.0,,LANCASTER STREET TRAILER,New Hampshire,Coos,Berlin,"Berlin, NH-VT",2013-02-16,[ 44.471169 -71.166188],"{'Residential': 0.81, 'Industrial': 0.16, 'Deciduous forest land': 0.03}"
17,33,7,15,42101,1,44.470335999999996,-71.180077,WGS84,Carbon monoxide,1 HOUR,CO 1-hour 1971,Obseved hourly values,INSTRUMENTAL - NONDISPERSIVE INFRARED,1980,Parts per million,No Events,648,7,N,25,366,0,0,0.0,0.0,Certification not required,0,3.2523150000000003,3.10053,19.6,1980-01-15 07:00,14.6,1980-01-04 16:00,14.6,1980-01-18 16:00,13.5,1980-01-02 10:00,,,,,12.5,11.5,9.5,7.5,5.5,2.5,0.4,,177 MAIN ST. BERLIN NH,New Hampshire,Coos,Berlin,"Berlin, NH-VT",2016-04-19,[ 44.470336 -71.180077],"{'Commercial and Services': 0.33, 'Residential': 0.32, 'Streams and canals': 0.23, 'Industrial': 0.12}"
18,33,7,15,42101,1,44.470335999999996,-71.180077,WGS84,Carbon monoxide,8-HR RUN AVG END HOUR,CO 8-hour 1971,8-Hour running average (end hour) of observed hourly values,,1980,Parts per million,No Events,638,7,Y,25,366,0,0,3.0,3.0,Certification not required,0,3.185423,2.266726,9.8,1980-01-23 16:00,9.8,1980-01-23 17:00,9.6,1980-01-23 18:00,9.3,1980-01-23 15:00,9.8,1980-01-23 16:00,9.2,1980-01-09 16:00,8.9,8.6,7.4,6.6,4.8,2.6,0.7,,177 MAIN ST. BERLIN NH,New Hampshire,Coos,Berlin,"Berlin, NH-VT",2016-04-19,[ 44.470336 -71.180077],"{'Commercial and Services': 0.33, 'Residential': 0.32, 'Streams and canals': 0.23, 'Industrial': 0.12}"
19,33,7,16,11101,1,44.46367,-71.167299,WGS84,Suspended particulate (TSP),24 HOUR,,Observed Values,HI-VOL - GRAVIMETRIC,1980,Micrograms/cubic meter (25 C),No Events,57,93,Y,12,61,0,0,,,Certification not required,0,34.333333,19.268158,85.0,1980-11-21 00:00,81.0,1980-12-28 00:00,79.0,1980-11-22 00:00,77.0,1980-12-23 00:00,,,,,85.0,81.0,79.0,66.0,43.0,31.0,13.0,,200 ENMAN HILL ROAD,New Hampshire,Coos,Berlin,"Berlin, NH-VT",2010-04-25,[ 44.46367  -71.167299],{'Deciduous forest land': 1.0}
20,33,7,17,11101,1,44.474225,-71.152299,WGS84,Suspended particulate (TSP),24 HOUR,,Observed Values,HI-VOL - GRAVIMETRIC,1980,Micrograms/cubic meter (25 C),No Events,22,36,N,12,61,0,0,,,Certification not required,0,23.090909,18.923176,72.0,1980-12-23 00:00,63.0,1980-12-29 00:00,47.0,1980-11-23 00:00,44.0,1980-12-08 00:00,,,,,72.0,72.0,63.0,47.0,29.0,18.0,4.0,,EASTHILL,New Hampshire,Coos,Berlin,"Berlin, NH-VT",2010-04-25,[ 44.474225 -71.152299],"{'Deciduous forest land': 0.91, 'Evergreen forest land': 0.09}"
21,33,7,19,11101,1,44.488669,-71.179799,WGS84,Suspended particulate (TSP),24 HOUR,,Observed Values,HI-VOL - GRAVIMETRIC,1980,Micrograms/cubic meter (25 C),No Events,21,34,N,12,61,0,0,,,Certification not required,0,19.47619,16.758935,71.0,1980-12-23 00:00,41.0,1980-12-08 00:00,39.0,1980-12-02 00:00,39.0,1980-12-29 00:00,,,,,71.0,71.0,41.0,39.0,25.0,13.0,5.0,,CATES HILL RD,New Hampshire,Coos,Berlin,"Berlin, NH-VT",2010-04-25,[ 44.488669 -71.179799],"{'Residential': 0.27, 'Deciduous forest land': 0.73}"
22,33,7,1005,11101,1,44.598665000000004,-71.513139,WGS84,Suspended particulate (TSP),24 HOUR,,Observed Values,HI-VOL - GRAVIMETRIC,1980,Micrograms/cubic meter (25 C),No Events,53,87,Y,53,61,0,0,,,Certification not required,0,54.320755000000005,22.973876,138.0,1980-03-28 00:00,113.0,1980-06-26 00:00,104.0,1980-03-22 00:00,86.0,1980-04-09 00:00,,,,,138.0,113.0,104.0,83.0,63.0,53.0,28.0,,"ST FRANCIS HALL, STATE STREET",New Hampshire,Coos,Northumberland,"Berlin, NH-VT",2010-04-25,[ 44.598665 -71.513139],"{'Residential': 0.62, 'Industrial': 0.28, 'Evergreen forest land': 0.02, 'Mixed forest land': 0.08}"
23,33,7,1006,11101,3,44.599221,-71.502584,WGS84,Suspended particulate (TSP),24 HOUR,,Observed Values,HI-VOL - GRAVIMETRIC,1980,Micrograms/cubic meter (25 C),No Events,53,87,Y,53,61,0,0,,,Certification not required,0,47.45283,19.217945999999998,102.0,1980-06-26 00:00,98.0,1980-08-25 00:00,93.0,1980-11-23 00:00,86.0,1980-07-26 00:00,,,,,102.0,98.0,93.0,71.0,57.0,44.0,27.0,,WEMYSS DRIVE POWER LINE POLE NO 11X,New Hampshire,Coos,Northumberland,"Berlin, NH-VT",2010-04-25,[ 44.599221 -71.502584],"{'Industrial': 0.15, 'Mixed forest land': 0.85}"
24,33,7,1006,42401,3,44.599221,-71.502584,WGS84,Sulfur dioxide,1 HOUR,SO2 1-hour 2010,Daily maximum 1-hour average,INSTRUMENTAL - PULSED FLUORESCENT,1980,Parts per billion,No Events,7778,89,N,324,366,0,0,111.0,,Certification not required,0,70.12963,62.067240000000005,290.0,1980-03-15 11:00,269.0,1980-08-09 08:00,264.0,1980-02-17 14:00,260.0,1980-03-06 07:00,,,,,260.0,248.0,189.0,167.0,101.0,49.0,12.0,,WEMYSS DRIVE POWER LINE POLE NO 11X,New Hampshire,Coos,Northumberland,"Berlin, NH-VT",2013-02-16,[ 44.599221 -71.502584],"{'Industrial': 0.15, 'Mixed forest land': 0.85}"
25,33,7,1006,42401,3,44.599221,-71.502584,WGS84,Sulfur dioxide,1 HOUR,SO2 Annual 1971,Observed Values,INSTRUMENTAL - PULSED FLUORESCENT,1980,Parts per billion,No Events,7778,89,N,324,366,0,0,,,Certification not required,0,19.958601,32.58403,290.0,1980-03-15 11:00,290.0,1980-03-15 14:00,270.0,1980-03-15 12:00,270.0,1980-03-15 13:00,,,,,189.0,149.0,83.0,39.0,16.0,9.0,4.0,,WEMYSS DRIVE POWER LINE POLE NO 11X,New Hampshire,Coos,Northumberland,"Berlin, NH-VT",2013-02-16,[ 44.599221 -71.502584],"{'Industrial': 0.15, 'Mixed forest land': 0.85}"
26,33,7,1006,42401,3,44.599221,-71.502584,WGS84,Sulfur dioxide,24-HR BLK AVG,SO2 24-hour 1971,Daily Average of observed values,,1980,Parts per billion,No Events,324,89,N,324,366,0,0,1.0,,Certification not required,0,19.985494,19.572639000000002,175.4,1980-03-15 00:00,122.7,1980-03-12 00:00,109.4,1980-03-11 00:00,103.0,1980-02-17 00:00,,,,,103.0,83.3,58.5,41.3,21.7,14.0,7.9,,WEMYSS DRIVE POWER LINE POLE NO 11X,New Hampshire,Coos,Northumberland,"Berlin, NH-VT",2013-02-16,[ 44.599221 -71.502584],"{'Industrial': 0.15, 'Mixed forest land': 0.85}"
27,33,7,1006,42401,3,44.599221,-71.502584,WGS84,Sulfur dioxide,3-HR BLK AVG,SO2 3-hour 1971,3-Hour block average of observed hourly values,,1980,Parts per billion,No Events,2582,88,N,323,366,0,0,,0.0,Certification not required,0,19.924748,28.974901000000003,276.6,1980-03-15 14:00,253.3,1980-03-11 17:00,240.6,1980-02-17 14:00,227.3,1980-02-17 17:00,,,,,166.0,125.0,74.3,40.0,18.6,10.3,5.0,,WEMYSS DRIVE POWER LINE POLE NO 11X,New Hampshire,Coos,Northumberland,"Berlin, NH-VT",2013-02-16,[ 44.599221 -71.502584],"{'Industrial': 0.15, 'Mixed forest land': 0.85}"
28,33,7,2003,11101,1,44.600609999999996,-71.505639,WGS84,Suspended particulate (TSP),24 HOUR,,Observed Values,HI-VOL - GRAVIMETRIC,1980,Micrograms/cubic meter (25 C),No Events,50,82,Y,50,61,0,0,,,Certification not required,0,50.62,22.08138,129.0,1980-06-26 00:00,106.0,1980-12-05 00:00,97.0,1980-09-06 00:00,93.0,1980-11-05 00:00,,,,,129.0,129.0,97.0,76.0,62.0,47.0,26.0,,BROOKLYN STREET,New Hampshire,Coos,Northumberland,"Berlin, NH-VT",2010-04-25,[ 44.60061  -71.505639],"{'Residential': 0.07, 'Industrial': 0.34, 'Mixed forest land': 0.59}"
0,33,9,3001,11101,1,43.750904999999996,-71.690912,WGS84,Suspended particulate (TSP),24 HOUR,,Observed Values,HI-VOL - GRAVIMETRIC,1980,Micrograms/cubic meter (25 C),No Events,57,93,Y,57,61,0,0,,,Certification not required,0,42.754386,21.886298,137.0,1980-12-05 00:00,95.0,1980-03-04 00:00,81.0,1980-04-03 00:00,81.0,1980-12-23 00:00,,,,,137.0,95.0,81.0,78.0,46.0,36.0,22.0,,PLYMOUTH STATE COLL NEW SCI BLDG RT 25,New Hampshire,Grafton,Plymouth (census name for Plymouth Compact),"Claremont-Lebanon, NH-VT",2010-04-25,[ 43.750905 -71.690912],"{'Commercial and Services': 0.018691588785046728, 'Residential': 0.1308411214953271, 'Mixed forest land': 0.8504672897196262}"
1,33,9,3001,12403,2,43.750904999999996,-71.690912,WGS84,Sulfate (TSP) STP,24 HOUR,,Observed Values,HI-VOL - TURBIDIMETRIC,1980,Micrograms/cubic meter (25 C),No Events,56,92,Y,56,61,0,0,,,Certification not required,0,6.503571,4.423243,25.3,1980-06-26 00:00,15.9,1980-07-02 00:00,14.6,1980-07-20 00:00,14.2,1980-03-10 00:00,,,,,25.3,15.9,14.6,12.1,8.3,6.0,2.0,,PLYMOUTH STATE COLL NEW SCI BLDG RT 25,New Hampshire,Grafton,Plymouth (census name for Plymouth Compact),"Claremont-Lebanon, NH-VT",2010-04-25,[ 43.750905 -71.690912],"{'Commercial and Services': 0.018691588785046728, 'Residential': 0.1308411214953271, 'Mixed forest land': 0.8504672897196262}"
0,33,9,7,11101,1,44.0434,-71.675081,WGS84,Suspended particulate (TSP),24 HOUR,,Observed Values,HI-VOL - GRAVIMETRIC,1980,Micrograms/cubic meter (25 C),No Events,27,44,N,27,61,0,0,,,Certification not required,0,28.148148,15.098914,65.0,1980-07-14 00:00,61.0,1980-08-25 00:00,54.0,1980-06-20 00:00,42.0,1980-06-02 00:00,,,,,65.0,65.0,61.0,54.0,36.0,27.0,12.0,,LIN-WOOD HIGH SCHOOL  MAIN ST  LINCOLN,New Hampshire,Grafton,Not in a city,"Claremont-Lebanon, NH-VT",2010-04-25,[ 44.0434   -71.675081],"{'Residential': 0.75, 'Industrial': 0.04, 'Transportation, communications and services': 0.07, 'Evergreen forest land': 0.14}"
0,33,11,8,11101,1,42.988417,-71.47479,WGS84,Suspended particulate (TSP),24 HOUR,,Observed Values,HI-VOL - GRAVIMETRIC,1980,Micrograms/cubic meter (25 C),No Events,58,95,Y,58,61,0,0,,,Certification not required,0,60.344828,34.313596000000004,228.0,1980-03-04 00:00,156.0,1980-11-23 00:00,131.0,1980-12-29 00:00,126.0,1980-12-23 00:00,,,,,228.0,156.0,131.0,89.0,70.0,53.0,31.0,,NOTRE DAME AVENUE,New Hampshire,Hillsborough,Manchester,"Manchester-Nashua, NH",2010-04-25,[ 42.988417 -71.47479 ],"{'Commercial and Services': 0.1650485436893204, 'Residential': 0.5242718446601942, 'Industrial': 0.2524271844660194, 'Other urban or built-up land': 0.009708737864077669, 'Transportation, communications and services': 0.04854368932038835}"
1,33,11,9,11101,2,42.99064,-71.458955,WGS84,Suspended particulate (TSP),24 HOUR,,Observed Values,HI-VOL - GRAVIMETRIC,1980,Micrograms/cubic meter (25 C),No Events,86,100,Y,58,61,0,0,,,Certification not required,0,58.337208999999994,24.892526999999998,160.0,1980-11-23 00:00,133.0,1980-12-29 00:00,123.0,1980-01-14 00:00,112.0,1980-01-10 00:00,,,,,160.0,133.0,111.0,93.0,66.0,54.0,35.0,, 100 MERRIMACK ST.,New Hampshire,Hillsborough,Manchester,"Manchester-Nashua, NH",2010-04-25,[ 42.99064  -71.458955],"{'Commercial and Services': 0.53, 'Residential': 0.47}"
2,33,11,9,12403,3,42.99064,-71.458955,WGS84,Sulfate (TSP) STP,24 HOUR,,Observed Values,HI-VOL - TURBIDIMETRIC,1980,Micrograms/cubic meter (25 C),No Events,86,100,Y,58,61,0,0,,,Certification not required,0,8.702326,3.799349,19.9,1980-12-29 00:00,18.8,1980-03-10 00:00,18.3,1980-02-15 00:00,15.0,1980-02-21 00:00,,,,,19.9,18.8,15.0,13.8,11.2,8.4,4.3,, 100 MERRIMACK ST.,New Hampshire,Hillsborough,Manchester,"Manchester-Nashua, NH",2010-04-25,[ 42.99064  -71.458955],"{'Commercial and Services': 0.53, 'Residential': 0.47}"
3,33,11,10,11101,1,42.989251,-71.435622,WGS84,Suspended particulate (TSP),24 HOUR,,Observed Values,HI-VOL - GRAVIMETRIC,1980,Micrograms/cubic meter (25 C),No Events,57,93,Y,57,61,0,0,,,Certification not required,0,41.543859999999995,24.889807,161.0,1980-11-23 00:00,97.0,1980-12-29 00:00,85.0,1980-12-23 00:00,84.0,1980-12-17 00:00,,,,,161.0,97.0,85.0,78.0,48.0,37.0,21.0,,HANOVER STREET,New Hampshire,Hillsborough,Manchester,"Manchester-Nashua, NH",2010-04-25,[ 42.989251 -71.435622],"{'Residential': 0.9, 'Other urban or built-up land': 0.1}"
4,33,11,11,11101,1,42.987584000000005,-71.463678,WGS84,Suspended particulate (TSP),24 HOUR,,Observed Values,HI-VOL - GRAVIMETRIC,1980,Micrograms/cubic meter (25 C),No Events,87,100,Y,60,61,0,0,,,Certification not required,0,55.241379,25.522432000000002,144.0,1980-11-23 00:00,127.0,1980-02-21 00:00,127.0,1980-12-29 00:00,123.0,1980-01-10 00:00,,,,,144.0,127.0,115.0,89.0,61.0,48.0,31.0,,24 PLEASANT STREET,New Hampshire,Hillsborough,Manchester,"Manchester-Nashua, NH",2010-04-25,[ 42.987584 -71.463678],"{'Commercial and Services': 0.57, 'Streams and canals': 0.1, 'Industrial': 0.27, 'Other urban or built-up land': 0.06}"
5,33,11,11,11101,3,42.987584000000005,-71.463678,WGS84,Suspended particulate (TSP),24 HOUR,,Observed Values,HI-VOL - GRAVIMETRIC,1980,Micrograms/cubic meter (25 C),No Events,28,46,N,28,61,0,0,,,Certification not required,0,59.5,25.548067,150.0,1980-11-23 00:00,110.0,1980-12-23 00:00,91.0,1980-07-20 00:00,81.0,1980-09-30 00:00,,,,,150.0,150.0,110.0,91.0,66.0,54.0,30.0,,24 PLEASANT STREET,New Hampshire,Hillsborough,Manchester,"Manchester-Nashua, NH",2010-04-25,[ 42.987584 -71.463678],"{'Commercial and Services': 0.57, 'Streams and canals': 0.1, 'Industrial': 0.27, 'Other urban or built-up land': 0.06}"
6,33,11,12,42401,1,42.992862,-71.46395600000001,WGS84,Sulfur dioxide,1 HOUR,SO2 1-hour 2010,Daily maximum 1-hour average,Multiple Methods Used,1980,Parts per billion,No Events,6794,77,N,284,366,0,0,36.0,,Certification not required,0,40.894366,43.118082,301.0,1980-02-01 06:00,215.0,1980-03-04 08:00,211.0,1980-01-31 18:00,191.0,1980-02-04 20:00,,,,,211.0,191.0,137.0,90.0,46.0,29.0,6.0,,SPRING STREET,New Hampshire,Hillsborough,Manchester,"Manchester-Nashua, NH",2013-02-16,[ 42.992862 -71.463956],"{'Commercial and Services': 0.54, 'Streams and canals': 0.14, 'Industrial': 0.32}"
7,33,11,12,42401,1,42.992862,-71.46395600000001,WGS84,Sulfur dioxide,1 HOUR,SO2 Annual 1971,Observed Values,Multiple Methods Used,1980,Parts per billion,No Events,6794,77,N,284,366,0,0,,,Certification not required,0,13.913453,20.736672,301.0,1980-02-01 06:00,261.0,1980-02-01 07:00,215.0,1980-03-04 08:00,211.0,1980-01-31 18:00,,,,,125.0,83.0,38.0,25.0,16.0,9.0,0.0,,SPRING STREET,New Hampshire,Hillsborough,Manchester,"Manchester-Nashua, NH",2013-02-16,[ 42.992862 -71.463956],"{'Commercial and Services': 0.54, 'Streams and canals': 0.14, 'Industrial': 0.32}"
8,33,11,12,42401,1,42.992862,-71.46395600000001,WGS84,Sulfur dioxide,24-HR BLK AVG,SO2 24-hour 1971,Daily Average of observed values,Multiple Methods Used,1980,Parts per billion,No Events,284,78,N,284,366,0,0,0.0,,Certification not required,0,13.927465,14.457889000000002,129.3,1980-02-01 00:00,96.2,1980-01-31 00:00,74.8,1980-02-04 00:00,74.3,1980-02-26 00:00,,,,,74.8,62.0,38.6,26.6,17.4,9.4,4.0,,SPRING STREET,New Hampshire,Hillsborough,Manchester,"Manchester-Nashua, NH",2013-02-16,[ 42.992862 -71.463956],"{'Commercial and Services': 0.54, 'Streams and canals': 0.14, 'Industrial': 0.32}"
9,33,11,12,42401,1,42.992862,-71.46395600000001,WGS84,Sulfur dioxide,3-HR BLK AVG,SO2 3-hour 1971,3-Hour block average of observed hourly values,Multiple Methods Used,1980,Parts per billion,No Events,2257,77,N,284,366,0,0,,0.0,Certification not required,0,13.88529,18.877323,241.0,1980-02-01 08:00,177.6,1980-01-31 20:00,161.0,1980-02-04 20:00,150.6,1980-12-22 11:00,,,,,116.0,77.6,39.0,26.6,16.0,8.3,4.0,,SPRING STREET,New Hampshire,Hillsborough,Manchester,"Manchester-Nashua, NH",2013-02-16,[ 42.992862 -71.463956],"{'Commercial and Services': 0.54, 'Streams and canals': 0.14, 'Industrial': 0.32}"
10,33,11,12,42401,2,42.992862,-71.46395600000001,WGS84,Sulfur dioxide,1 HOUR,SO2 1-hour 2010,Daily maximum 1-hour average,INSTRUMENTAL - ULTRA VIOLET STIMULATED FLUORESCNC,1980,Parts per billion,No Events,2073,24,N,84,366,0,0,34.0,,Certification not required,0,77.785714,63.109595,301.0,1980-02-01 17:00,238.0,1980-12-22 10:00,223.0,1980-02-26 08:00,211.0,1980-01-30 19:00,,,,,301.0,238.0,211.0,180.0,104.0,55.0,21.0,,SPRING STREET,New Hampshire,Hillsborough,Manchester,"Manchester-Nashua, NH",2013-02-16,[ 42.992862 -71.463956],"{'Commercial and Services': 0.54, 'Streams and canals': 0.14, 'Industrial': 0.32}"
11,33,11,12,42401,2,42.992862,-71.46395600000001,WGS84,Sulfur dioxide,1 HOUR,SO2 Annual 1971,Observed Values,INSTRUMENTAL - ULTRA VIOLET STIMULATED FLUORESCNC,1980,Parts per billion,No Events,2073,24,N,84,366,0,0,,,Certification not required,0,30.008201,33.849178,301.0,1980-02-01 17:00,291.0,1980-02-01 16:00,238.0,1980-12-22 10:00,223.0,1980-02-26 08:00,,,,,161.0,159.0,101.0,62.0,36.0,20.0,1.0,,SPRING STREET,New Hampshire,Hillsborough,Manchester,"Manchester-Nashua, NH",2013-02-16,[ 42.992862 -71.463956],"{'Commercial and Services': 0.54, 'Streams and canals': 0.14, 'Industrial': 0.32}"
12,33,11,12,42401,2,42.992862,-71.46395600000001,WGS84,Sulfur dioxide,24-HR BLK AVG,SO2 24-hour 1971,Daily Average of observed values,,1980,Parts per billion,No Events,84,23,N,84,366,0,0,0.0,,Certification not required,0,30.24881,23.157551,130.6,1980-02-01 00:00,108.1,1980-01-31 00:00,91.3,1980-02-26 00:00,82.7,1980-02-04 00:00,,,,,130.6,108.1,71.4,52.8,39.5,24.8,9.9,,SPRING STREET,New Hampshire,Hillsborough,Manchester,"Manchester-Nashua, NH",2013-02-16,[ 42.992862 -71.463956],"{'Commercial and Services': 0.54, 'Streams and canals': 0.14, 'Industrial': 0.32}"
13,33,11,12,42401,2,42.992862,-71.46395600000001,WGS84,Sulfur dioxide,3-HR BLK AVG,SO2 3-hour 1971,3-Hour block average of observed hourly values,,1980,Parts per billion,No Events,687,23,N,84,366,0,0,,0.0,Certification not required,0,29.963028,30.861653000000004,254.3,1980-02-01 17:00,180.0,1980-12-22 11:00,177.6,1980-01-31 17:00,177.6,1980-01-31 20:00,,,,,161.0,134.3,91.0,62.3,37.6,21.0,3.3,,SPRING STREET,New Hampshire,Hillsborough,Manchester,"Manchester-Nashua, NH",2013-02-16,[ 42.992862 -71.463956],"{'Commercial and Services': 0.54, 'Streams and canals': 0.14, 'Industrial': 0.32}"
14,33,11,12,44201,1,42.992862,-71.46395600000001,WGS84,Ozone,1 HOUR,Ozone 1-hour Daily 2005,Daily maxima of observed hourly values (between 9:00 AM and 8:00 PM),INSTRUMENTAL - CHEMILUMINESCENCE,1980,Parts per million,No Events,5451,85,Y,182,214,0,0,4.0,4.0,Certification not required,0,0.053692,0.023691,0.134,1980-07-15 19:00,0.13,1980-07-27 11:00,0.13,1980-08-01 13:00,0.127,1980-06-25 22:00,,,,,0.13,0.127,0.106,0.081,0.064,0.049,0.038,,SPRING STREET,New Hampshire,Hillsborough,Manchester,"Manchester-Nashua, NH",2016-08-18,[ 42.992862 -71.463956],"{'Commercial and Services': 0.54, 'Streams and canals': 0.14, 'Industrial': 0.32}"
15,33,11,12,44201,1,42.992862,-71.46395600000001,WGS84,Ozone,8-HR RUN AVG BEGIN HOUR,Ozone 8-Hour 1997,Daily maximum of 8 hour running average of observed hourly values,,1980,Parts per million,No Events,5447,85,Y,182,214,0,0,14.0,14.0,Certification not required,0,0.046060000000000004,0.020358,0.113,1980-07-27 09:00,0.10800000000000001,1980-08-01 10:00,0.10400000000000001,1980-07-15 13:00,0.10099999999999999,1980-06-26 10:00,,,,,0.10800000000000001,0.10099999999999999,0.09,0.073,0.055,0.045,0.033,,SPRING STREET,New Hampshire,Hillsborough,Manchester,"Manchester-Nashua, NH",2016-08-18,[ 42.992862 -71.463956],"{'Commercial and Services': 0.54, 'Streams and canals': 0.14, 'Industrial': 0.32}"
16,33,11,12,44201,1,42.992862,-71.46395600000001,WGS84,Ozone,8-HR RUN AVG BEGIN HOUR,Ozone 8-Hour 2008,Daily maximum of 8 hour running average of observed hourly values,,1980,Parts per million,No Events,5447,85,Y,182,214,0,0,17.0,17.0,Certification not required,0,0.046060000000000004,0.020358,0.113,1980-07-27 09:00,0.10800000000000001,1980-08-01 10:00,0.10400000000000001,1980-07-15 13:00,0.10099999999999999,1980-06-26 10:00,,,,,0.10800000000000001,0.10099999999999999,0.09,0.073,0.055,0.045,0.033,,SPRING STREET,New Hampshire,Hillsborough,Manchester,"Manchester-Nashua, NH",2016-08-18,[ 42.992862 -71.463956],"{'Commercial and Services': 0.54, 'Streams and canals': 0.14, 'Industrial': 0.32}"
17,33,11,12,44201,1,42.992862,-71.46395600000001,WGS84,Ozone,8-HR RUN AVG BEGIN HOUR,Ozone 8-hour 2015,Daily maximum of 8-hour running average,,1980,Parts per million,No Events,3862,85,Y,181,214,0,0,23.0,23.0,Certification not required,0,0.045155,0.021209,0.113,1980-07-27 09:00,0.10800000000000001,1980-08-01 10:00,0.10400000000000001,1980-07-15 13:00,0.10099999999999999,1980-06-26 10:00,,,,,0.10800000000000001,0.10099999999999999,0.09,0.073,0.055,0.044000000000000004,0.032,,SPRING STREET,New Hampshire,Hillsborough,Manchester,"Manchester-Nashua, NH",2016-08-18,[ 42.992862 -71.463956],"{'Commercial and Services': 0.54, 'Streams and canals': 0.14, 'Industrial': 0.32}"
18,33,11,13,42101,2,42.994251,-71.462011,WGS84,Carbon monoxide,1 HOUR,CO 1-hour 1971,Obseved hourly values,INSTRUMENTAL - NONDISPERSIVE INFRARED,1980,Parts per million,No Events,8697,99,Y,362,366,0,0,0.0,0.0,Certification not required,0,2.598643,2.489967,26.0,1980-01-11 17:00,24.9,1980-11-20 18:00,24.5,1980-01-11 16:00,22.1,1980-01-17 17:00,,,,,11.2,9.0,7.0,5.9,3.7,2.0,0.0,,1157 ELM ST.,New Hampshire,Hillsborough,Manchester,"Manchester-Nashua, NH",2016-04-19,[ 42.994251 -71.462011],"{'Commercial and Services': 0.66, 'Residential': 0.13, 'Industrial': 0.21}"
19,33,11,13,42101,2,42.994251,-71.462011,WGS84,Carbon monoxide,8-HR RUN AVG END HOUR,CO 8-hour 1971,8-Hour running average (end hour) of observed hourly values,,1980,Parts per million,No Events,8694,99,Y,362,366,0,0,47.0,47.0,Certification not required,0,2.605556,1.9025490000000003,12.9,1980-01-17 20:00,12.6,1980-01-17 21:00,12.4,1980-01-17 19:00,12.3,1980-11-21 00:00,12.9,1980-01-17 20:00,12.3,1980-11-21 00:00,8.5,7.6,6.4,5.1,3.6,2.1,0.5,,1157 ELM ST.,New Hampshire,Hillsborough,Manchester,"Manchester-Nashua, NH",2016-04-19,[ 42.994251 -71.462011],"{'Commercial and Services': 0.66, 'Residential': 0.13, 'Industrial': 0.21}"
20,33,11,1005,42401,1,42.752866999999995,-71.462843,WGS84,Sulfur dioxide,1 HOUR,SO2 1-hour 2010,Daily maximum 1-hour average,INSTRUMENTAL - PULSED FLUORESCENT,1980,Parts per billion,No Events,7170,82,N,291,366,0,0,11.0,,Certification not required,0,29.591065000000004,18.326195000000002,107.0,1980-01-02 07:00,100.0,1980-12-22 12:00,100.0,1980-12-29 10:00,97.0,1980-01-07 03:00,,,,,100.0,86.0,63.0,53.0,42.0,27.0,10.0,,18 MULBERRY ST,New Hampshire,Hillsborough,Nashua,"Manchester-Nashua, NH",2013-02-16,[ 42.752867 -71.462843],"{'Commercial and Services': 0.25, 'Residential': 0.71, 'Other urban or built-up land': 0.03, 'Lakes': 0.01}"
21,33,11,1005,42401,1,42.752866999999995,-71.462843,WGS84,Sulfur dioxide,1 HOUR,SO2 Annual 1971,Observed Values,INSTRUMENTAL - PULSED FLUORESCENT,1980,Parts per billion,No Events,7170,82,N,291,366,0,0,,,Certification not required,0,15.314644,12.002709,107.0,1980-01-02 07:00,100.0,1980-12-22 12:00,100.0,1980-12-29 10:00,97.0,1980-01-07 03:00,,,,,55.0,47.0,38.0,32.0,22.0,13.0,4.0,,18 MULBERRY ST,New Hampshire,Hillsborough,Nashua,"Manchester-Nashua, NH",2013-02-16,[ 42.752867 -71.462843],"{'Commercial and Services': 0.25, 'Residential': 0.71, 'Other urban or built-up land': 0.03, 'Lakes': 0.01}"
22,33,11,1005,42401,1,42.752866999999995,-71.462843,WGS84,Sulfur dioxide,24-HR BLK AVG,SO2 24-hour 1971,Daily Average of observed values,,1980,Parts per billion,No Events,291,80,N,291,366,0,0,0.0,,Certification not required,0,15.253607999999998,9.246561999999999,49.1,1980-12-29 00:00,42.6,1980-01-02 00:00,42.3,1980-12-28 00:00,41.8,1980-01-07 00:00,,,,,42.3,40.4,32.2,27.5,21.7,13.3,4.6,,18 MULBERRY ST,New Hampshire,Hillsborough,Nashua,"Manchester-Nashua, NH",2013-02-16,[ 42.752867 -71.462843],"{'Commercial and Services': 0.25, 'Residential': 0.71, 'Other urban or built-up land': 0.03, 'Lakes': 0.01}"
23,33,11,1005,42401,1,42.752866999999995,-71.462843,WGS84,Sulfur dioxide,3-HR BLK AVG,SO2 3-hour 1971,3-Hour block average of observed hourly values,,1980,Parts per billion,No Events,2376,81,N,291,366,0,0,,0.0,Certification not required,0,15.255260999999999,11.260822000000001,95.0,1980-12-29 11:00,84.3,1980-01-02 08:00,75.6,1980-01-07 05:00,73.0,1980-12-28 02:00,,,,,51.6,44.0,36.0,30.6,20.6,13.0,4.0,,18 MULBERRY ST,New Hampshire,Hillsborough,Nashua,"Manchester-Nashua, NH",2013-02-16,[ 42.752867 -71.462843],"{'Commercial and Services': 0.25, 'Residential': 0.71, 'Other urban or built-up land': 0.03, 'Lakes': 0.01}"
24,33,11,1007,11101,1,42.758145,-71.465621,WGS84,Suspended particulate (TSP),24 HOUR,,Observed Values,HI-VOL - GRAVIMETRIC,1980,Micrograms/cubic meter (25 C),No Events,57,93,Y,57,61,0,0,,,Certification not required,0,56.421053,22.629742999999998,159.0,1980-11-23 00:00,122.0,1980-12-23 00:00,104.0,1980-03-16 00:00,87.0,1980-12-29 00:00,,,,,159.0,122.0,104.0,83.0,65.0,51.0,37.0,, MAIN STREET,New Hampshire,Hillsborough,Nashua,"Manchester-Nashua, NH",2010-04-25,[ 42.758145 -71.465621],"{'Commercial and Services': 0.27, 'Residential': 0.52, 'Industrial': 0.21}"
25,33,11,1007,11101,2,42.758145,-71.465621,WGS84,Suspended particulate (TSP),24 HOUR,,Observed Values,HI-VOL - GRAVIMETRIC,1980,Micrograms/cubic meter (25 C),No Events,55,90,Y,55,61,0,0,,,Certification not required,0,55.18181800000001,22.166951,142.0,1980-11-23 00:00,120.0,1980-12-23 00:00,88.0,1980-02-21 00:00,88.0,1980-12-29 00:00,,,,,142.0,120.0,88.0,87.0,65.0,50.0,34.0,, MAIN STREET,New Hampshire,Hillsborough,Nashua,"Manchester-Nashua, NH",2010-04-25,[ 42.758145 -71.465621],"{'Commercial and Services': 0.27, 'Residential': 0.52, 'Industrial': 0.21}"
26,33,11,1007,12403,2,42.758145,-71.465621,WGS84,Sulfate (TSP) STP,24 HOUR,,Observed Values,HI-VOL - TURBIDIMETRIC,1980,Micrograms/cubic meter (25 C),No Events,57,93,Y,57,61,0,0,,,Certification not required,0,13.385964999999999,16.459609,85.0,1980-06-26 00:00,67.0,1980-06-20 00:00,54.0,1980-06-02 00:00,50.0,1980-06-08 00:00,,,,,85.0,67.0,54.0,26.1,13.1,7.6,3.6,, MAIN STREET,New Hampshire,Hillsborough,Nashua,"Manchester-Nashua, NH",2010-04-25,[ 42.758145 -71.465621],"{'Commercial and Services': 0.27, 'Residential': 0.52, 'Industrial': 0.21}"
0,33,13,1,11101,2,43.103415999999996,-71.463402,WGS84,Suspended particulate (TSP),24 HOUR,,Observed Values,HI-VOL - GRAVIMETRIC,1980,Micrograms/cubic meter (25 C),No Events,57,93,Y,57,61,0,0,,,Certification not required,0,51.561403999999996,21.936611,130.0,1980-05-27 00:00,108.0,1980-06-26 00:00,92.0,1980-07-14 00:00,89.0,1980-11-23 00:00,,,,,130.0,108.0,92.0,85.0,60.0,45.0,29.0,,CANAL STREET,New Hampshire,Merrimack,Not in a city,"Concord, NH",2010-04-25,[ 43.103416 -71.463402],"{'Residential': 0.32, 'Streams and canals': 0.12, 'Forested wetland': 0.01, 'Cropland and pasture': 0.47, 'Reservoirs': 0.08}"
1,33,13,2,11101,1,43.199525,-71.55229399999999,WGS84,Suspended particulate (TSP),24 HOUR,,Observed Values,HI-VOL - GRAVIMETRIC,1980,Micrograms/cubic meter (25 C),No Events,56,92,Y,56,61,0,0,,,Certification not required,0,47.160714,18.115565,101.0,1980-11-23 00:00,94.0,1980-12-29 00:00,83.0,1980-12-23 00:00,75.0,1980-01-10 00:00,,,,,101.0,94.0,83.0,73.0,57.0,44.0,26.0,,61 S. SPRING ST.,New Hampshire,Merrimack,Concord,"Concord, NH",2010-04-25,[ 43.199525 -71.552294],"{'Commercial and Services': 0.26, 'Other urban or built-up land': 0.15, 'Cropland and pasture': 0.08, 'Residential': 0.51}"
2,33,13,2,12103,1,43.199525,-71.55229399999999,WGS84,Arsenic (TSP) STP,24 HOUR,,Observed Values,HI-VOL - NEUTRON ACTIVATION ANALYZER,1980,Micrograms/cubic meter (25 C),No Events,17,28,N,17,61,0,0,,,Certification not required,0,0.000412,0.001698,0.006999999999999999,1980-05-03 00:00,0.0,1980-01-16 00:00,0.0,1980-02-21 00:00,0.0,1980-03-04 00:00,,,,,0.006999999999999999,0.006999999999999999,0.006999999999999999,0.0,0.0,0.0,0.0,,61 S. SPRING ST.,New Hampshire,Merrimack,Concord,"Concord, NH",2012-09-20,[ 43.199525 -71.552294],"{'Commercial and Services': 0.26, 'Other urban or built-up land': 0.15, 'Cropland and pasture': 0.08, 'Residential': 0.51}"
3,33,13,2,12105,1,43.199525,-71.55229399999999,WGS84,Beryllium (TSP) STP,24 HOUR,,Observed Values,HI-VOL - EMISSION SPECTRA ICAP,1980,Nanograms/cubic meter (25 C),No Events,18,30,N,18,61,0,0,,,Certification not required,0,0.0,0.0,0.0,1980-01-16 00:00,0.0,1980-02-21 00:00,0.0,1980-03-04 00:00,0.0,1980-03-16 00:00,,,,,0.0,0.0,0.0,0.0,0.0,0.0,0.0,,61 S. SPRING ST.,New Hampshire,Merrimack,Concord,"Concord, NH",2012-09-20,[ 43.199525 -71.552294],"{'Commercial and Services': 0.26, 'Other urban or built-up land': 0.15, 'Cropland and pasture': 0.08, 'Residential': 0.51}"
4,33,13,2,12107,1,43.199525,-71.55229399999999,WGS84,Barium (TSP) STP,24 HOUR,,Observed Values,HI-VOL - EMISSION SPECTRA ICAP,1980,Micrograms/cubic meter (25 C),No Events,18,30,N,17,61,0,0,,,Certification not required,0,0.0,0.0,0.0,1980-01-16 00:00,0.0,1980-02-21 00:00,0.0,1980-03-04 00:00,0.0,1980-03-16 00:00,,,,,0.0,0.0,0.0,0.0,0.0,0.0,0.0,,61 S. SPRING ST.,New Hampshire,Merrimack,Concord,"Concord, NH",2016-04-01,[ 43.199525 -71.552294],"{'Commercial and Services': 0.26, 'Other urban or built-up land': 0.15, 'Cropland and pasture': 0.08, 'Residential': 0.51}"
5,33,13,2,12110,1,43.199525,-71.55229399999999,WGS84,Cadmium (TSP) STP,24 HOUR,,Observed Values,HI-VOL - EMISSION SPECTRA ICAP,1980,Micrograms/cubic meter (25 C),No Events,18,30,N,18,61,0,0,,,Certification not required,0,0.000333,0.00084,0.003,1980-07-14 00:00,0.002,1980-02-21 00:00,0.001,1980-03-16 00:00,0.0,1980-01-16 00:00,,,,,0.003,0.003,0.003,0.002,0.0,0.0,0.0,,61 S. SPRING ST.,New Hampshire,Merrimack,Concord,"Concord, NH",2012-09-24,[ 43.199525 -71.552294],"{'Commercial and Services': 0.26, 'Other urban or built-up land': 0.15, 'Cropland and pasture': 0.08, 'Residential': 0.51}"
6,33,13,2,12112,1,43.199525,-71.55229399999999,WGS84,Chromium (TSP) STP,24 HOUR,,Observed Values,HI-VOL - EMISSION SPECTRA ICAP,1980,Micrograms/cubic meter (25 C),No Events,10,16,N,10,61,0,0,,,Certification not required,0,0.005,0.0,0.005,1980-05-03 00:00,0.005,1980-05-15 00:00,0.005,1980-05-27 00:00,0.005,1980-06-08 00:00,,,,,0.005,0.005,0.005,0.005,0.005,0.005,0.005,,61 S. SPRING ST.,New Hampshire,Merrimack,Concord,"Concord, NH",2010-04-25,[ 43.199525 -71.552294],"{'Commercial and Services': 0.26, 'Other urban or built-up land': 0.15, 'Cropland and pasture': 0.08, 'Residential': 0.51}"
7,33,13,2,12112,3,43.199525,-71.55229399999999,WGS84,Chromium (TSP) STP,24 HOUR,,Observed Values,HI-VOL - NEUTRON ACTIVATION ANALYZER,1980,Micrograms/cubic meter (25 C),No Events,17,28,N,17,61,0,0,,,Certification not required,0,0.004882,0.006416,0.0175,1980-09-24 00:00,0.0151,1980-02-21 00:00,0.0142,1980-06-08 00:00,0.0093,1980-08-19 00:00,,,,,0.0175,0.0175,0.0175,0.0151,0.0092,0.0,0.0,,61 S. SPRING ST.,New Hampshire,Merrimack,Concord,"Concord, NH",2012-09-21,[ 43.199525 -71.552294],"{'Commercial and Services': 0.26, 'Other urban or built-up land': 0.15, 'Cropland and pasture': 0.08, 'Residential': 0.51}"
8,33,13,2,12113,1,43.199525,-71.55229399999999,WGS84,Cobalt (TSP) STP,24 HOUR,,Observed Values,HI-VOL - EMISSION SPECTRA ICAP,1980,Micrograms/cubic meter (25 C),No Events,10,16,N,10,61,0,0,,,Certification not required,0,0.002,0.0,0.002,1980-05-03 00:00,0.002,1980-05-15 00:00,0.002,1980-05-27 00:00,0.002,1980-06-08 00:00,,,,,0.002,0.002,0.002,0.002,0.002,0.002,0.002,,61 S. SPRING ST.,New Hampshire,Merrimack,Concord,"Concord, NH",2012-09-21,[ 43.199525 -71.552294],"{'Commercial and Services': 0.26, 'Other urban or built-up land': 0.15, 'Cropland and pasture': 0.08, 'Residential': 0.51}"
9,33,13,2,12113,3,43.199525,-71.55229399999999,WGS84,Cobalt (TSP) STP,24 HOUR,,Observed Values,HI-VOL - NEUTRON ACTIVATION ANALYZER,1980,Micrograms/cubic meter (25 C),No Events,17,28,N,17,61,0,0,,,Certification not required,0,0.000176,0.000503,0.0017,1980-03-28 00:00,0.0013,1980-03-04 00:00,0.0,1980-01-16 00:00,0.0,1980-02-21 00:00,,,,,0.0017,0.0017,0.0017,0.0013,0.0,0.0,0.0,,61 S. SPRING ST.,New Hampshire,Merrimack,Concord,"Concord, NH",2012-09-21,[ 43.199525 -71.552294],"{'Commercial and Services': 0.26, 'Other urban or built-up land': 0.15, 'Cropland and pasture': 0.08, 'Residential': 0.51}"
10,33,13,2,12114,1,43.199525,-71.55229399999999,WGS84,Copper (TSP) STP,24 HOUR,,Observed Values,HI-VOL - EMISSION SPECTRA ICAP,1980,Micrograms/cubic meter (25 C),No Events,18,30,N,18,61,0,0,,,Certification not required,0,0.2465,0.10633900000000002,0.41700000000000004,1980-09-24 00:00,0.37200000000000005,1980-03-28 00:00,0.358,1980-09-12 00:00,0.35700000000000004,1980-02-21 00:00,,,,,0.41700000000000004,0.41700000000000004,0.41700000000000004,0.37200000000000005,0.314,0.26899999999999996,0.09300000000000001,,61 S. SPRING ST.,New Hampshire,Merrimack,Concord,"Concord, NH",2010-04-25,[ 43.199525 -71.552294],"{'Commercial and Services': 0.26, 'Other urban or built-up land': 0.15, 'Cropland and pasture': 0.08, 'Residential': 0.51}"
11,33,13,2,12126,1,43.199525,-71.55229399999999,WGS84,Iron (TSP) STP,24 HOUR,,Observed Values,HI-VOL - EMISSION SPECTRA ICAP,1980,Micrograms/cubic meter (25 C),No Events,18,30,N,17,61,0,0,,,Certification not required,0,0.221111,0.203842,0.65,1980-03-28 00:00,0.58,1980-07-14 00:00,0.45,1980-01-16 00:00,0.41,1980-03-04 00:00,,,,,0.65,0.65,0.65,0.58,0.31,0.23,0.0,,61 S. SPRING ST.,New Hampshire,Merrimack,Concord,"Concord, NH",2016-04-01,[ 43.199525 -71.552294],"{'Commercial and Services': 0.26, 'Other urban or built-up land': 0.15, 'Cropland and pasture': 0.08, 'Residential': 0.51}"
12,33,13,2,12128,1,43.199525,-71.55229399999999,WGS84,Lead (TSP) STP,24 HOUR,Lead Quarterly 1978,Observed Values,HI-VOL - EMISSION SPECTRA ICAP,1980,Micrograms/cubic meter (25 C),No Events,18,30,N,18,61,0,0,,,Certification not required,0,0.13333299999999998,0.11072,0.41,1980-02-21 00:00,0.33,1980-03-28 00:00,0.24,1980-03-04 00:00,0.21,1980-01-16 00:00,,,,,0.41,0.41,0.41,0.33,0.21,0.09,0.02,,61 S. SPRING ST.,New Hampshire,Merrimack,Concord,"Concord, NH",2013-06-29,[ 43.199525 -71.552294],"{'Commercial and Services': 0.26, 'Other urban or built-up land': 0.15, 'Cropland and pasture': 0.08, 'Residential': 0.51}"
13,33,13,2,12132,1,43.199525,-71.55229399999999,WGS84,Manganese (TSP) STP,24 HOUR,,Observed Values,HI-VOL - EMISSION SPECTRA ICAP,1980,Micrograms/cubic meter (25 C),No Events,18,30,N,18,61,0,0,,,Certification not required,0,0.005,0.006183,0.02,1980-07-14 00:00,0.01,1980-01-16 00:00,0.01,1980-02-21 00:00,0.01,1980-03-04 00:00,,,,,0.02,0.02,0.02,0.01,0.01,0.0,0.0,,61 S. SPRING ST.,New Hampshire,Merrimack,Concord,"Concord, NH",2012-09-25,[ 43.199525 -71.552294],"{'Commercial and Services': 0.26, 'Other urban or built-up land': 0.15, 'Cropland and pasture': 0.08, 'Residential': 0.51}"
14,33,13,2,12134,1,43.199525,-71.55229399999999,WGS84,Molybdenum (TSP) STP,24 HOUR,,Observed Values,HI-VOL - EMISSION SPECTRA ICAP,1980,Micrograms/cubic meter (25 C),No Events,18,30,N,17,61,0,0,,,Certification not required,0,0.0,0.0,0.0,1980-01-16 00:00,0.0,1980-02-21 00:00,0.0,1980-03-04 00:00,0.0,1980-03-16 00:00,,,,,0.0,0.0,0.0,0.0,0.0,0.0,0.0,,61 S. SPRING ST.,New Hampshire,Merrimack,Concord,"Concord, NH",2016-04-01,[ 43.199525 -71.552294],"{'Commercial and Services': 0.26, 'Other urban or built-up land': 0.15, 'Cropland and pasture': 0.08, 'Residential': 0.51}"
15,33,13,2,12136,1,43.199525,-71.55229399999999,WGS84,Nickel (TSP) STP,24 HOUR,,Observed Values,HI-VOL - EMISSION SPECTRA ICAP,1980,Micrograms/cubic meter (25 C),No Events,18,30,N,18,61,0,0,,,Certification not required,0,0.009278,0.010058,0.038,1980-03-16 00:00,0.027999999999999997,1980-02-21 00:00,0.019,1980-04-21 00:00,0.013999999999999999,1980-03-28 00:00,,,,,0.038,0.038,0.038,0.027999999999999997,0.013000000000000001,0.005,0.002,,61 S. SPRING ST.,New Hampshire,Merrimack,Concord,"Concord, NH",2012-09-25,[ 43.199525 -71.552294],"{'Commercial and Services': 0.26, 'Other urban or built-up land': 0.15, 'Cropland and pasture': 0.08, 'Residential': 0.51}"
16,33,13,2,12164,1,43.199525,-71.55229399999999,WGS84,Vanadium (TSP) STP,24 HOUR,,Observed Values,HI-VOL - EMISSION SPECTRA ICAP,1980,Micrograms/cubic meter (25 C),No Events,18,30,N,17,61,0,0,,,Certification not required,0,0.036944,0.040438,0.132,1980-03-16 00:00,0.122,1980-02-21 00:00,0.095,1980-04-21 00:00,0.055999999999999994,1980-03-28 00:00,,,,,0.132,0.132,0.132,0.122,0.05,0.024,0.004,,61 S. SPRING ST.,New Hampshire,Merrimack,Concord,"Concord, NH",2016-04-01,[ 43.199525 -71.552294],"{'Commercial and Services': 0.26, 'Other urban or built-up land': 0.15, 'Cropland and pasture': 0.08, 'Residential': 0.51}"
17,33,13,2,12167,1,43.199525,-71.55229399999999,WGS84,Zinc (TSP) STP,24 HOUR,,Observed Values,HI-VOL - EMISSION SPECTRA ICAP,1980,Micrograms/cubic meter (25 C),No Events,18,30,N,17,61,0,0,,,Certification not required,0,0.0,0.0,0.0,1980-01-16 00:00,0.0,1980-02-21 00:00,0.0,1980-03-04 00:00,0.0,1980-03-16 00:00,,,,,0.0,0.0,0.0,0.0,0.0,0.0,0.0,,61 S. SPRING ST.,New Hampshire,Merrimack,Concord,"Concord, NH",2016-04-01,[ 43.199525 -71.552294],"{'Commercial and Services': 0.26, 'Other urban or built-up land': 0.15, 'Cropland and pasture': 0.08, 'Residential': 0.51}"
18,33,13,2,12306,1,43.199525,-71.55229399999999,WGS84,Nitrate (TSP) STP,24 HOUR,,Observed Values,HI-VOL - REDUCTION-DIAZO COUPLING,1980,Micrograms/cubic meter (25 C),No Events,18,30,N,18,61,0,0,,,Certification not required,0,2.27,1.9125439999999998,7.47,1980-02-21 00:00,5.12,1980-07-02 00:00,4.53,1980-03-28 00:00,3.46,1980-05-03 00:00,,,,,7.47,7.47,7.47,5.12,3.45,1.19,0.79,,61 S. SPRING ST.,New Hampshire,Merrimack,Concord,"Concord, NH",2010-04-25,[ 43.199525 -71.552294],"{'Commercial and Services': 0.26, 'Other urban or built-up land': 0.15, 'Cropland and pasture': 0.08, 'Residential': 0.51}"
19,33,13,2,12403,1,43.199525,-71.55229399999999,WGS84,Sulfate (TSP) STP,24 HOUR,,Observed Values,HI-VOL - COLORIMETRIC,1980,Micrograms/cubic meter (25 C),No Events,18,30,N,18,61,0,0,,,Certification not required,0,10.488889,4.452612,21.1,1980-08-31 00:00,19.0,1980-07-02 00:00,16.4,1980-07-26 00:00,12.5,1980-05-03 00:00,,,,,21.1,21.1,21.1,19.0,12.2,9.5,6.2,,61 S. SPRING ST.,New Hampshire,Merrimack,Concord,"Concord, NH",2010-04-25,[ 43.199525 -71.552294],"{'Commercial and Services': 0.26, 'Other urban or built-up land': 0.15, 'Cropland and pasture': 0.08, 'Residential': 0.51}"
0,33,15,3,11101,1,42.982032000000004,-70.94339000000001,WGS84,Suspended particulate (TSP),24 HOUR,,Observed Values,HI-VOL - GRAVIMETRIC,1980,Micrograms/cubic meter (25 C),No Events,60,98,Y,60,61,0,0,,,Certification not required,0,54.483332999999995,19.059667,104.0,1980-07-20 00:00,104.0,1980-11-23 00:00,98.0,1980-06-26 00:00,87.0,1980-08-01 00:00,,,,,104.0,104.0,98.0,81.0,68.0,51.0,34.0,, 97 WATER STREET,New Hampshire,Rockingham,Exeter (census name for Exeter Compact),"Boston-Cambridge-Newton, MA-NH",2010-04-25,[ 42.982032 -70.94339 ],"{'Commercial and Services': 0.72, 'Other urban or built-up land': 0.04, 'Reservoirs': 0.17, 'Residential': 0.07}"
0,33,15,5,11101,1,43.068022,-70.770557,WGS84,Suspended particulate (TSP),24 HOUR,,Observed Values,HI-VOL - GRAVIMETRIC,1980,Micrograms/cubic meter (25 C),No Events,5,8,N,5,61,0,0,,,Certification not required,0,46.8,12.498,66.0,1980-01-10 00:00,51.0,1980-01-22 00:00,45.0,1980-01-04 00:00,37.0,1980-01-16 00:00,,,,,66.0,66.0,66.0,66.0,51.0,45.0,35.0,,ISLINGTON STREET,New Hampshire,Rockingham,Portsmouth,"Boston-Cambridge-Newton, MA-NH",2010-04-25,[ 43.068022 -70.770557],"{'Commercial and Services': 0.08737864077669903, 'Residential': 0.4368932038834951, 'Industrial': 0.47572815533980584}"
1,33,15,6,11101,1,43.077589,-70.753665,WGS84,Suspended particulate (TSP),24 HOUR,,Observed Values,HI-VOL - GRAVIMETRIC,1980,Micrograms/cubic meter (25 C),No Events,55,90,Y,55,61,0,0,,,Certification not required,0,57.6,19.519791,111.0,1980-11-23 00:00,103.0,1980-06-26 00:00,103.0,1980-12-29 00:00,92.0,1980-07-20 00:00,,,,,111.0,103.0,103.0,89.0,66.0,57.0,34.0,,COURT STREET,New Hampshire,Rockingham,Portsmouth,"Boston-Cambridge-Newton, MA-NH",2010-04-25,[ 43.077589 -70.753665],"{'Industrial': 0.06, 'Commercial and Services': 0.3, 'Residential': 0.3, 'Streams and canals': 0.19, 'Lakes': 0.03, 'Transportation, communications and services': 0.12}"
2,33,15,6,12403,2,43.077589,-70.753665,WGS84,Sulfate (TSP) STP,24 HOUR,,Observed Values,HI-VOL - TURBIDIMETRIC,1980,Micrograms/cubic meter (25 C),No Events,55,90,N,55,61,0,0,,,Certification not required,0,8.658182,5.07677,31.8,1980-07-20 00:00,18.2,1980-08-31 00:00,16.6,1980-07-26 00:00,16.3,1980-02-21 00:00,,,,,31.8,18.2,16.6,14.9,12.2,7.2,4.0,,COURT STREET,New Hampshire,Rockingham,Portsmouth,"Boston-Cambridge-Newton, MA-NH",2010-04-25,[ 43.077589 -70.753665],"{'Industrial': 0.06, 'Commercial and Services': 0.3, 'Residential': 0.3, 'Streams and canals': 0.19, 'Lakes': 0.03, 'Transportation, communications and services': 0.12}"
3,33,15,7,11101,1,43.084255,-70.79061,WGS84,Suspended particulate (TSP),24 HOUR,,Observed Values,HI-VOL - GRAVIMETRIC,1980,Micrograms/cubic meter (25 C),No Events,53,87,Y,53,61,0,0,,,Certification not required,0,43.207547,17.218459,90.0,1980-12-29 00:00,83.0,1980-07-20 00:00,80.0,1980-06-26 00:00,80.0,1980-11-23 00:00,,,,,90.0,83.0,80.0,70.0,51.0,40.0,24.0,,NAT'L GUARD ARMORY WENTWORTH ACRES,New Hampshire,Rockingham,Portsmouth,"Boston-Cambridge-Newton, MA-NH",2010-04-25,[ 43.084255 -70.79061 ],"{'Commercial and Services': 0.07, 'Residential': 0.11, 'Cropland and pasture': 0.49, 'Transportation, communications and services': 0.33}"
4,33,15,9,42401,1,43.078144,-70.762276,WGS84,Sulfur dioxide,1 HOUR,SO2 1-hour 2010,Daily maximum 1-hour average,INSTRUMENTAL - ULTRA VIOLET STIMULATED FLUORESCNC,1980,Parts per billion,No Events,7955,91,N,331,366,0,0,6.0,,Certification not required,0,21.933535,18.463604,100.0,1980-02-04 08:00,100.0,1980-02-08 09:00,100.0,1980-02-09 10:00,87.0,1980-03-24 08:00,,,,,87.0,71.0,60.0,49.0,28.0,17.0,5.0,,VAUGHAN STREET,New Hampshire,Rockingham,Portsmouth,"Boston-Cambridge-Newton, MA-NH",2013-02-16,[ 43.078144 -70.762276],"{'Commercial and Services': 0.21, 'Residential': 0.13, 'Streams and canals': 0.03, 'Industrial': 0.43, 'Lakes': 0.2}"
5,33,15,9,42401,1,43.078144,-70.762276,WGS84,Sulfur dioxide,1 HOUR,SO2 Annual 1971,Observed Values,INSTRUMENTAL - ULTRA VIOLET STIMULATED FLUORESCNC,1980,Parts per billion,No Events,7955,91,N,331,366,0,0,,,Certification not required,0,5.845757,8.998727,100.0,1980-02-04 08:00,100.0,1980-02-08 09:00,100.0,1980-02-08 11:00,100.0,1980-02-09 10:00,,,,,43.0,33.0,22.0,16.0,6.0,5.0,0.0,,VAUGHAN STREET,New Hampshire,Rockingham,Portsmouth,"Boston-Cambridge-Newton, MA-NH",2013-02-16,[ 43.078144 -70.762276],"{'Commercial and Services': 0.21, 'Residential': 0.13, 'Streams and canals': 0.03, 'Industrial': 0.43, 'Lakes': 0.2}"
6,33,15,9,42401,1,43.078144,-70.762276,WGS84,Sulfur dioxide,24-HR BLK AVG,SO2 24-hour 1971,Daily Average of observed values,,1980,Parts per billion,No Events,331,90,N,331,366,0,0,0.0,,Certification not required,0,5.843505,5.39535,31.8,1980-12-23 00:00,24.7,1980-12-24 00:00,23.3,1980-02-19 00:00,22.7,1980-02-06 00:00,,,,,22.7,20.8,18.5,13.3,8.1,4.2,0.6,,VAUGHAN STREET,New Hampshire,Rockingham,Portsmouth,"Boston-Cambridge-Newton, MA-NH",2013-02-16,[ 43.078144 -70.762276],"{'Commercial and Services': 0.21, 'Residential': 0.13, 'Streams and canals': 0.03, 'Industrial': 0.43, 'Lakes': 0.2}"
7,33,15,9,42401,1,43.078144,-70.762276,WGS84,Sulfur dioxide,3-HR BLK AVG,SO2 3-hour 1971,3-Hour block average of observed hourly values,,1980,Parts per billion,No Events,2642,90,N,330,366,0,0,,0.0,Certification not required,0,5.8257,7.743189999999999,71.6,1980-02-08 11:00,63.6,1980-04-03 11:00,54.3,1980-03-24 08:00,52.3,1980-04-02 02:00,,,,,36.0,30.0,20.3,15.3,8.0,3.3,0.0,,VAUGHAN STREET,New Hampshire,Rockingham,Portsmouth,"Boston-Cambridge-Newton, MA-NH",2013-02-16,[ 43.078144 -70.762276],"{'Commercial and Services': 0.21, 'Residential': 0.13, 'Streams and canals': 0.03, 'Industrial': 0.43, 'Lakes': 0.2}"
8,33,15,9,44201,1,43.078144,-70.762276,WGS84,Ozone,1 HOUR,Ozone 1-hour Daily 2005,Daily maxima of observed hourly values (between 9:00 AM and 8:00 PM),INSTRUMENTAL - CHEMILUMINESCENCE,1980,Parts per million,No Events,7067,99,Y,212,214,0,0,4.0,4.0,Certification not required,0,0.050599,0.024263999999999997,0.147,1980-07-15 18:00,0.147,1980-07-21 16:00,0.132,1980-08-01 13:00,0.127,1980-06-25 17:00,,,,,0.132,0.113,0.10800000000000001,0.083,0.059000000000000004,0.044000000000000004,0.034,,VAUGHAN STREET,New Hampshire,Rockingham,Portsmouth,"Boston-Cambridge-Newton, MA-NH",2016-08-18,[ 43.078144 -70.762276],"{'Commercial and Services': 0.21, 'Residential': 0.13, 'Streams and canals': 0.03, 'Industrial': 0.43, 'Lakes': 0.2}"
9,33,15,9,44201,1,43.078144,-70.762276,WGS84,Ozone,8-HR RUN AVG BEGIN HOUR,Ozone 8-Hour 1997,Daily maximum of 8 hour running average of observed hourly values,,1980,Parts per million,No Events,7108,97,Y,207,214,0,0,9.0,9.0,Certification not required,0,0.042927999999999994,0.019576,0.11900000000000001,1980-07-15 13:00,0.11900000000000001,1980-07-21 13:00,0.107,1980-08-01 10:00,0.098,1980-07-27 08:00,,,,,0.107,0.096,0.083,0.071,0.05,0.04,0.031,,VAUGHAN STREET,New Hampshire,Rockingham,Portsmouth,"Boston-Cambridge-Newton, MA-NH",2016-08-18,[ 43.078144 -70.762276],"{'Commercial and Services': 0.21, 'Residential': 0.13, 'Streams and canals': 0.03, 'Industrial': 0.43, 'Lakes': 0.2}"
10,33,15,9,44201,1,43.078144,-70.762276,WGS84,Ozone,8-HR RUN AVG BEGIN HOUR,Ozone 8-Hour 2008,Daily maximum of 8 hour running average of observed hourly values,,1980,Parts per million,No Events,7108,97,Y,207,214,0,0,15.0,15.0,Certification not required,0,0.042927999999999994,0.019576,0.11900000000000001,1980-07-15 13:00,0.11900000000000001,1980-07-21 13:00,0.107,1980-08-01 10:00,0.098,1980-07-27 08:00,,,,,0.107,0.096,0.083,0.071,0.05,0.04,0.031,,VAUGHAN STREET,New Hampshire,Rockingham,Portsmouth,"Boston-Cambridge-Newton, MA-NH",2016-08-18,[ 43.078144 -70.762276],"{'Commercial and Services': 0.21, 'Residential': 0.13, 'Streams and canals': 0.03, 'Industrial': 0.43, 'Lakes': 0.2}"
11,33,15,9,44201,1,43.078144,-70.762276,WGS84,Ozone,8-HR RUN AVG BEGIN HOUR,Ozone 8-hour 2015,Daily maximum of 8-hour running average,,1980,Parts per million,No Events,5057,98,Y,210,214,0,0,21.0,21.0,Certification not required,0,0.042281,0.019708,0.11900000000000001,1980-07-15 13:00,0.11900000000000001,1980-07-21 13:00,0.107,1980-08-01 10:00,0.098,1980-07-27 08:00,,,,,0.107,0.096,0.083,0.071,0.049,0.038,0.03,,VAUGHAN STREET,New Hampshire,Rockingham,Portsmouth,"Boston-Cambridge-Newton, MA-NH",2016-08-18,[ 43.078144 -70.762276],"{'Commercial and Services': 0.21, 'Residential': 0.13, 'Streams and canals': 0.03, 'Industrial': 0.43, 'Lakes': 0.2}"
12,33,15,9,61101,1,43.078144,-70.762276,WGS84,Wind Speed - Scalar,1 HOUR,,Observed Values,INSTRUMENTAL - VISUAL AVERAGE,1980,Knots,No Events,2314,26,N,89,366,0,0,,,Certification not required,0,4.11102,2.477666,13.0,1980-08-09 11:00,13.0,1980-08-09 12:00,13.0,1980-08-09 13:00,12.2,1980-08-20 16:00,,,,,10.4,10.4,8.7,7.8,5.2,3.5,1.7,,VAUGHAN STREET,New Hampshire,Rockingham,Portsmouth,"Boston-Cambridge-Newton, MA-NH",2016-05-25,[ 43.078144 -70.762276],"{'Commercial and Services': 0.21, 'Residential': 0.13, 'Streams and canals': 0.03, 'Industrial': 0.43, 'Lakes': 0.2}"
13,33,15,9,61102,1,43.078144,-70.762276,WGS84,Wind Direction - Scalar,1 HOUR,,Observed Values,INSTRUMENTAL - VISUAL AVERAGE,1980,Degrees Compass,No Events,2294,26,N,91,366,0,0,,,Certification not required,0,236.66870099999997,115.657728,360.0,1980-06-01 00:00,360.0,1980-06-01 01:00,360.0,1980-06-01 19:00,360.0,1980-06-01 20:00,,,,,360.0,360.0,360.0,360.0,338.0,270.0,45.0,,VAUGHAN STREET,New Hampshire,Rockingham,Portsmouth,"Boston-Cambridge-Newton, MA-NH",2010-04-25,[ 43.078144 -70.762276],"{'Commercial and Services': 0.21, 'Residential': 0.13, 'Streams and canals': 0.03, 'Industrial': 0.43, 'Lakes': 0.2}"
14,33,15,10,42101,1,43.075644,-70.759776,WGS84,Carbon monoxide,1 HOUR,CO 1-hour 1971,Obseved hourly values,INSTRUMENTAL - NONDISPERSIVE INFRARED,1980,Parts per million,No Events,6648,76,Y,275,366,0,0,0.0,0.0,Certification not required,0,1.568968,1.285535,11.1,1980-03-07 18:00,10.3,1980-01-18 17:00,9.8,1980-01-04 16:00,9.8,1980-01-06 18:00,,,,,6.0,5.0,3.9,3.0,2.1,1.2,0.0,,62 CONGRESS ST.,New Hampshire,Rockingham,Portsmouth,"Boston-Cambridge-Newton, MA-NH",2016-04-19,[ 43.075644 -70.759776],"{'Commercial and Services': 0.49, 'Residential': 0.26, 'Industrial': 0.18, 'Lakes': 0.07}"
15,33,15,10,42101,1,43.075644,-70.759776,WGS84,Carbon monoxide,8-HR RUN AVG END HOUR,CO 8-hour 1971,8-Hour running average (end hour) of observed hourly values,,1980,Parts per million,No Events,6660,76,Y,275,366,0,0,0.0,0.0,Certification not required,0,1.576201,1.003638,7.3,1980-03-08 01:00,7.1,1980-01-18 21:00,7.1,1980-01-18 22:00,7.1,1980-03-08 00:00,7.3,1980-03-08 01:00,7.1,1980-01-18 21:00,4.8,4.1,3.5,2.9,2.1,1.4,0.5,,62 CONGRESS ST.,New Hampshire,Rockingham,Portsmouth,"Boston-Cambridge-Newton, MA-NH",2016-04-19,[ 43.075644 -70.759776],"{'Commercial and Services': 0.49, 'Residential': 0.26, 'Industrial': 0.18, 'Lakes': 0.07}"
0,33,17,1,11101,1,43.193696,-70.875059,WGS84,Suspended particulate (TSP),24 HOUR,,Observed Values,HI-VOL - GRAVIMETRIC,1980,Micrograms/cubic meter (25 C),No Events,59,97,Y,59,61,0,0,,,Certification not required,0,59.406780000000005,22.219996,134.0,1980-10-30 00:00,126.0,1980-11-23 00:00,102.0,1980-12-23 00:00,100.0,1980-10-24 00:00,,,,,134.0,126.0,102.0,89.0,69.0,56.0,36.0,,CENTRAL AVE,New Hampshire,Strafford,Dover,"Boston-Cambridge-Newton, MA-NH",2010-04-25,[ 43.193696 -70.875059],"{'Commercial and Services': 0.57, 'Residential': 0.38, 'Industrial': 0.05}"
1,33,17,3,11101,1,43.30536,-70.973396,WGS84,Suspended particulate (TSP),24 HOUR,,Observed Values,HI-VOL - GRAVIMETRIC,1980,Micrograms/cubic meter (25 C),No Events,58,95,Y,58,61,0,0,,,Certification not required,0,55.172414,23.443952,125.0,1980-12-11 00:00,123.0,1980-11-23 00:00,96.0,1980-03-04 00:00,95.0,1980-01-10 00:00,,,,,125.0,123.0,96.0,94.0,63.0,52.0,31.0,,"MMC BUILDING, HANSEN STREET",New Hampshire,Strafford,Rochester,"Boston-Cambridge-Newton, MA-NH",2010-04-25,[ 43.30536  -70.973396],"{'Commercial and Services': 0.68, 'Residential': 0.24, 'Mixed forest land': 0.08}"
0,33,19,2,11101,1,43.353131,-71.999528,WGS84,Suspended particulate (TSP),24 HOUR,,Observed Values,HI-VOL - GRAVIMETRIC,1980,Micrograms/cubic meter (25 C),No Events,58,95,Y,58,61,0,0,,,Certification not required,0,66.448276,24.936532,143.0,1980-12-11 00:00,128.0,1980-02-21 00:00,118.0,1980-11-23 00:00,106.0,1980-01-28 00:00,,,,,143.0,128.0,118.0,95.0,81.0,62.0,39.0,,5 SCHOOL STREET,New Hampshire,Sullivan,Claremont,"Claremont-Lebanon, NH-VT",2010-04-25,[ 43.353131 -71.999528],"{'Mixed forest land': 0.7843137254901961, 'Evergreen forest land': 0.21568627450980393}"
